  Time                 , V(VO)                
  1.000000000002e-003  ,1.118877670176e-001  
  1.000000080003e-003  ,1.118959020789e-001  
  1.000000240004e-003  ,1.119121291549e-001  
  1.000000560006e-003  ,1.119443766977e-001  
  1.000001200011e-003  ,1.120080225011e-001  
  1.000002480021e-003  ,1.121318721183e-001  
  1.000005040040e-003  ,1.123658116977e-001  
  1.000010160079e-003  ,1.127787185978e-001  
  1.000015200012e-003  ,1.131136826696e-001  
  1.000017120028e-003  ,1.132226520967e-001  
  1.000020960057e-003  ,1.134094632298e-001  
  1.000022457810e-003  ,1.134709871522e-001  
  1.000024771215e-003  ,1.135533318238e-001  
  1.000026416117e-003  ,1.136024985182e-001  
  1.000029010782e-003  ,1.136643650844e-001  
  1.000031128982e-003  ,1.137009633379e-001  
  1.000032601775e-003  ,1.137191544915e-001  
  1.000034599276e-003  ,1.137344335732e-001  
  1.000036550583e-003  ,1.137389337043e-001  
  1.000038258256e-003  ,1.137343828903e-001  
  1.000039971890e-003  ,1.137217915086e-001  
  1.000041459398e-003  ,1.137043044953e-001  
  1.000043654339e-003  ,1.136673967507e-001  
  1.000045777382e-003  ,1.136192689382e-001  
  1.000047759237e-003  ,1.135634225478e-001  
  1.000051182033e-003  ,1.134423130884e-001  
  1.000054523246e-003  ,1.132940166985e-001  
  1.000057844343e-003  ,1.131172286168e-001  
  1.000060858475e-003  ,1.129314516876e-001  
  1.000065760212e-003  ,1.125779972979e-001  
  1.000071108239e-003  ,1.121202133789e-001  
  1.000076389210e-003  ,1.115954296222e-001  
  1.000081650810e-003  ,1.110009825278e-001  
  1.000087555395e-003  ,1.102565343629e-001  
  1.000092723118e-003  ,1.095738665838e-001  
  1.000096578048e-003  ,1.090762683239e-001  
  1.000101512568e-003  ,1.084847354688e-001  
  1.000105001675e-003  ,1.081032518446e-001  
  1.000108765708e-003  ,1.077281807810e-001  
  1.000113290446e-003  ,1.073284471962e-001  
  1.000118778543e-003  ,1.069191401135e-001  
  1.000124078141e-003  ,1.066027233877e-001  
  1.000129684703e-003  ,1.063524833339e-001  
  1.000132881002e-003  ,1.062487200974e-001  
  1.000138167189e-003  ,1.061389846993e-001  
  1.000142002003e-003  ,1.061074627415e-001  
  1.000145487385e-003  ,1.061138110400e-001  
  1.000152170556e-003  ,1.062190470260e-001  
  1.000159170557e-003  ,1.064602159895e-001  
  1.000166170558e-003  ,1.068351214669e-001  
  1.000173170559e-003  ,1.073432535616e-001  
  1.000180170560e-003  ,1.079842850697e-001  
  1.000187170561e-003  ,1.087578787711e-001  
  1.000194170562e-003  ,1.096637756765e-001  
  1.000201170563e-003  ,1.107014759563e-001  
  1.000208170564e-003  ,1.118706609666e-001  
  1.000215170565e-003  ,1.131710740400e-001  
  1.000222170566e-003  ,1.146022237802e-001  
  1.000229170567e-003  ,1.161638748492e-001  
  1.000236170568e-003  ,1.178555558679e-001  
  1.000243170569e-003  ,1.196770310174e-001  
  1.000250170570e-003  ,1.216278881423e-001  
  1.000257170571e-003  ,1.237077162413e-001  
  1.000264170572e-003  ,1.259162808928e-001  
  1.000271170573e-003  ,1.282531134882e-001  
  1.000278170574e-003  ,1.307179013928e-001  
  1.000285170575e-003  ,1.333103905861e-001  
  1.000292170576e-003  ,1.360301521064e-001  
  1.000299170577e-003  ,1.388767782419e-001  
  1.000306170578e-003  ,1.418499577231e-001  
  1.000313170579e-003  ,1.449494374848e-001  
  1.000320170580e-003  ,1.481747902227e-001  
  1.000327170581e-003  ,1.515256097910e-001  
  1.000334170582e-003  ,1.550015863724e-001  
  1.000341170583e-003  ,1.586023844486e-001  
  1.000348170584e-003  ,1.623277462603e-001  
  1.000355170585e-003  ,1.661771826887e-001  
  1.000362170586e-003  ,1.701503853509e-001  
  1.000369170587e-003  ,1.742470203880e-001  
  1.000376170588e-003  ,1.784668311826e-001  
  1.000383170589e-003  ,1.828093305935e-001  
  1.000390170590e-003  ,1.872742882173e-001  
  1.000397170591e-003  ,1.918612436098e-001  
  1.000404170592e-003  ,1.965699668350e-001  
  1.000411170593e-003  ,2.014000557509e-001  
  1.000418170594e-003  ,2.063511089242e-001  
  1.000425170595e-003  ,2.114228972473e-001  
  1.000432170596e-003  ,2.166150199269e-001  
  1.000439170597e-003  ,2.219270766314e-001  
  1.000446170598e-003  ,2.273587628553e-001  
  1.000453170599e-003  ,2.329098314011e-001  
  1.000460170600e-003  ,2.385798641507e-001  
  1.000467170601e-003  ,2.443684625484e-001  
  1.000474170602e-003  ,2.502753991635e-001  
  1.000481170603e-003  ,2.563002762952e-001  
  1.000488170604e-003  ,2.624426967573e-001  
  1.000495170605e-003  ,2.687023582468e-001  
  1.000504392934e-003  ,2.771290530949e-001  
  1.000513892935e-003  ,2.859582320360e-001  
  1.000520892936e-003  ,2.924123409366e-001  
  1.000527892937e-003  ,2.987548033326e-001  
  1.000534240086e-003  ,3.043878009115e-001  
  1.000538433273e-003  ,3.080441603050e-001  
  1.000542280753e-003  ,3.113522738166e-001  
  1.000545818289e-003  ,3.143539072685e-001  
  1.000549680670e-003  ,3.175871358499e-001  
  1.000553470035e-003  ,3.207143889522e-001  
  1.000558718969e-003  ,3.249726878080e-001  
  1.000563911279e-003  ,3.291012068588e-001  
  1.000568820466e-003  ,3.329281605529e-001  
  1.000575820467e-003  ,3.382567894348e-001  
  1.000581657252e-003  ,3.425849784684e-001  
  1.000587939581e-003  ,3.471269298742e-001  
  1.000594233832e-003  ,3.515565048100e-001  
  1.000600595138e-003  ,3.559105080229e-001  
  1.000607595139e-003  ,3.605593983651e-001  
  1.000614595140e-003  ,3.650595773532e-001  
  1.000621595141e-003  ,3.694114117989e-001  
  1.000628595142e-003  ,3.736152735418e-001  
  1.000635595143e-003  ,3.776715365268e-001  
  1.000642595144e-003  ,3.815805747362e-001  
  1.000649595145e-003  ,3.853427614813e-001  
  1.000656595146e-003  ,3.889583764276e-001  
  1.000663595147e-003  ,3.924278854817e-001  
  1.000670595148e-003  ,3.957516610660e-001  
  1.000677595149e-003  ,3.989301372339e-001  
  1.000684595150e-003  ,4.019635617345e-001  
  1.000691595151e-003  ,4.048523679125e-001  
  1.000698595152e-003  ,4.075969268041e-001  
  1.000705595153e-003  ,4.101976708129e-001  
  1.000712595154e-003  ,4.126549290388e-001  
  1.000719595155e-003  ,4.149689687058e-001  
  1.000726595156e-003  ,4.171403034604e-001  
  1.000733595157e-003  ,4.191691795563e-001  
  1.000740595158e-003  ,4.210560890757e-001  
  1.000747595159e-003  ,4.228012777512e-001  
  1.000754595160e-003  ,4.244051753960e-001  
  1.000761595161e-003  ,4.258681499688e-001  
  1.000768595162e-003  ,4.271906302811e-001  
  1.000775595163e-003  ,4.283729427353e-001  
  1.000782595164e-003  ,4.294153523806e-001  
  1.000789595165e-003  ,4.303183075011e-001  
  1.000796595166e-003  ,4.310821743785e-001  
  1.000803595167e-003  ,4.317073798434e-001  
  1.000810595168e-003  ,4.321942487499e-001  
  1.000817595169e-003  ,4.325431327706e-001  
  1.000824595170e-003  ,4.327543922916e-001  
  1.000831595171e-003  ,4.328283903542e-001  
  1.000838595172e-003  ,4.327654906627e-001  
  1.000845595173e-003  ,4.325660568973e-001  
  1.000852595174e-003  ,4.322303616741e-001  
  1.000859595175e-003  ,4.317589195469e-001  
  1.000866595176e-003  ,4.311519723469e-001  
  1.000873595177e-003  ,4.304099430535e-001  
  1.000880595178e-003  ,4.295331937754e-001  
  1.000887595179e-003  ,4.285221464816e-001  
  1.000894595180e-003  ,4.273771222987e-001  
  1.000901595181e-003  ,4.260983819608e-001  
  1.000908595182e-003  ,4.246863664342e-001  
  1.000915595183e-003  ,4.231414960642e-001  
  1.000922595184e-003  ,4.214640108446e-001  
  1.000929595185e-003  ,4.196543903400e-001  
  1.000936595186e-003  ,4.177129537627e-001  
  1.000943595187e-003  ,4.156400466365e-001  
  1.000950595188e-003  ,4.134359345452e-001  
  1.000957595189e-003  ,4.111011216891e-001  
  1.000964595190e-003  ,4.086358465779e-001  
  1.000971595191e-003  ,4.060405263609e-001  
  1.000978595192e-003  ,4.033155775684e-001  
  1.000985595193e-003  ,4.004612379841e-001  
  1.000995095194e-003  ,3.963793975407e-001  
  1.000999498487e-003  ,3.944079837752e-001  
  1.001003427179e-003  ,3.926193431320e-001  
  1.001007005320e-003  ,3.909894185180e-001  
  1.001009326548e-003  ,3.899415171315e-001  
  1.001012761638e-003  ,3.884162472118e-001  
  1.001015863315e-003  ,3.870676122093e-001  
  1.001018715770e-003  ,3.858515071897e-001  
  1.001022572190e-003  ,3.842441910465e-001  
  1.001026585818e-003  ,3.826163296578e-001  
  1.001029689358e-003  ,3.813890272377e-001  
  1.001034334049e-003  ,3.796036839990e-001  
  1.001039246962e-003  ,3.777826035684e-001  
  1.001045460747e-003  ,3.755784728744e-001  
  1.001050947354e-003  ,3.737238285092e-001  
  1.001056986795e-003  ,3.717812072060e-001  
  1.001063049332e-003  ,3.699352717789e-001  
  1.001068097846e-003  ,3.684775490921e-001  
  1.001073059187e-003  ,3.671152254050e-001  
  1.001079059885e-003  ,3.655602985500e-001  
  1.001086059886e-003  ,3.638744827200e-001  
  1.001093059887e-003  ,3.623262427133e-001  
  1.001100059888e-003  ,3.609153266203e-001  
  1.001107059889e-003  ,3.596412372102e-001  
  1.001114059890e-003  ,3.585036495289e-001  
  1.001121059891e-003  ,3.575023037015e-001  
  1.001128059892e-003  ,3.566367642221e-001  
  1.001135059893e-003  ,3.559066170680e-001  
  1.001141253561e-003  ,3.553732293308e-001  
  1.001147344410e-003  ,3.549516038608e-001  
  1.001149059894e-003  ,3.548512537894e-001  
  1.001152490886e-003  ,3.546747621834e-001  
  1.001159352871e-003  ,3.544190335111e-001  
  1.001161926098e-003  ,3.543567654148e-001  
  1.001167072214e-003  ,3.542811459222e-001  
  1.001170145578e-003  ,3.542523434556e-001  
  1.001173585139e-003  ,3.542103444196e-001  
  1.001176586232e-003  ,3.541529446959e-001  
  1.001179424531e-003  ,3.540759620663e-001  
  1.001182574637e-003  ,3.539636600450e-001  
  1.001186609126e-003  ,3.537792455367e-001  
  1.001190014041e-003  ,3.535886310624e-001  
  1.001193429015e-003  ,3.533656136488e-001  
  1.001197955988e-003  ,3.530209499616e-001  
  1.001202275089e-003  ,3.526396721958e-001  
  1.001206261150e-003  ,3.522420830908e-001  
  1.001213261151e-003  ,3.514378571347e-001  
  1.001219817662e-003  ,3.505628703662e-001  
  1.001226817663e-003  ,3.494991557119e-001  
  1.001231639679e-003  ,3.486887865603e-001  
  1.001237255926e-003  ,3.476651994943e-001  
  1.001243143375e-003  ,3.465002651863e-001  
  1.001250143376e-003  ,3.449931067293e-001  
  1.001257143377e-003  ,3.433535875305e-001  
  1.001264143378e-003  ,3.415821897916e-001  
  1.001271143379e-003  ,3.396792219686e-001  
  1.001276475760e-003  ,3.381415065145e-001  
  1.001283475761e-003  ,3.360075738453e-001  
  1.001290475762e-003  ,3.337430585413e-001  
  1.001297475763e-003  ,3.313483079273e-001  
  1.001306975764e-003  ,3.278886674497e-001  
  1.001316475765e-003  ,3.242476527549e-001  
  1.001321355150e-003  ,3.223891342054e-001  
  1.001327017591e-003  ,3.202929182537e-001  
  1.001332121984e-003  ,3.184729960391e-001  
  1.001334525914e-003  ,3.176399084480e-001  
  1.001337278903e-003  ,3.167054534349e-001  
  1.001341916145e-003  ,3.151795729489e-001  
  1.001345025645e-003  ,3.141903916927e-001  
  1.001349874482e-003  ,3.127026072392e-001  
  1.001355173335e-003  ,3.111533329287e-001  
  1.001361305163e-003  ,3.094600276570e-001  
  1.001368305164e-003  ,3.076569518826e-001  
  1.001372957307e-003  ,3.065349605922e-001  
  1.001378452855e-003  ,3.052880215521e-001  
  1.001382204967e-003  ,3.044854446684e-001  
  1.001385963785e-003  ,3.037210566374e-001  
  1.001390391665e-003  ,3.028713820574e-001  
  1.001395440924e-003  ,3.019693619748e-001  
  1.001402440925e-003  ,3.008364970032e-001  
  1.001409440926e-003  ,2.998400985478e-001  
  1.001416440927e-003  ,2.989797024009e-001  
  1.001423440928e-003  ,2.982550649453e-001  
  1.001430440929e-003  ,2.976657042749e-001  
  1.001437440930e-003  ,2.972113058694e-001  
  1.001444440931e-003  ,2.968916137222e-001  
  1.001451440932e-003  ,2.967061926773e-001  
  1.001458440933e-003  ,2.966546260814e-001  
  1.001465440934e-003  ,2.967365983300e-001  
  1.001472440935e-003  ,2.969517677539e-001  
  1.001479440936e-003  ,2.972997840059e-001  
  1.001486440937e-003  ,2.977802940680e-001  
  1.001493440938e-003  ,2.983929443104e-001  
  1.001500440939e-003  ,2.991374694118e-001  
  1.001507440940e-003  ,3.000133684873e-001  
  1.001514440941e-003  ,3.010204062789e-001  
  1.001521440942e-003  ,3.021581714472e-001  
  1.001528440943e-003  ,3.034262528466e-001  
  1.001535440944e-003  ,3.048244155267e-001  
  1.001542440945e-003  ,3.063521903110e-001  
  1.001549440946e-003  ,3.080093433300e-001  
  1.001556440947e-003  ,3.097954655746e-001  
  1.001563440948e-003  ,3.117101477077e-001  
  1.001570440949e-003  ,3.137531556905e-001  
  1.001577440950e-003  ,3.159240809658e-001  
  1.001584440951e-003  ,3.182225166924e-001  
  1.001591440952e-003  ,3.206481523160e-001  
  1.001600168562e-003  ,3.238520501353e-001  
  1.001609668563e-003  ,3.274750326180e-001  
  1.001615538131e-003  ,3.296718063491e-001  
  1.001621418129e-003  ,3.317971762447e-001  
  1.001627091001e-003  ,3.337611038879e-001  
  1.001631775926e-003  ,3.353153968109e-001  
  1.001636631469e-003  ,3.368603611425e-001  
  1.001641826014e-003  ,3.384382348669e-001  
  1.001648401896e-003  ,3.403239911661e-001  
  1.001654387693e-003  ,3.419318558355e-001  
  1.001661387694e-003  ,3.436809276314e-001  
  1.001668387695e-003  ,3.452891013908e-001  
  1.001675387696e-003  ,3.467567558343e-001  
  1.001682387697e-003  ,3.480842131259e-001  
  1.001689387698e-003  ,3.492717226661e-001  
  1.001696387699e-003  ,3.503197981981e-001  
  1.001703387700e-003  ,3.512287815468e-001  
  1.001710387701e-003  ,3.519989406807e-001  
  1.001716661835e-003  ,3.525716715691e-001  
  1.001722880089e-003  ,3.530298783445e-001  
  1.001729880091e-003  ,3.534156766582e-001  
  1.001736880092e-003  ,3.536640315541e-001  
  1.001743880093e-003  ,3.537753835722e-001  
  1.001750880094e-003  ,3.537501557258e-001  
  1.001757880095e-003  ,3.535886705035e-001  
  1.001764880096e-003  ,3.532912772437e-001  
  1.001771880097e-003  ,3.528582444453e-001  
  1.001778880098e-003  ,3.522900213987e-001  
  1.001785880099e-003  ,3.515870297636e-001  
  1.001792880100e-003  ,3.507495103265e-001  
  1.001799880101e-003  ,3.497779443132e-001  
  1.001806880102e-003  ,3.486726520936e-001  
  1.001813880103e-003  ,3.474339804700e-001  
  1.001820880104e-003  ,3.460621960256e-001  
  1.001827880105e-003  ,3.445577449909e-001  
  1.001834880106e-003  ,3.429210462516e-001  
  1.001841880107e-003  ,3.411523389354e-001  
  1.001848880108e-003  ,3.392520412627e-001  
  1.001855880109e-003  ,3.372205709481e-001  
  1.001862880110e-003  ,3.350582458360e-001  
  1.001869880111e-003  ,3.327654099595e-001  
  1.001876880112e-003  ,3.303423277679e-001  
  1.001883880113e-003  ,3.277894419186e-001  
  1.001890880114e-003  ,3.251071679304e-001  
  1.001897880115e-003  ,3.222958220220e-001  
  1.001904880116e-003  ,3.193557465119e-001  
  1.001911880117e-003  ,3.162872921807e-001  
  1.001918880118e-003  ,3.130908123567e-001  
  1.001925880119e-003  ,3.097666609649e-001  
  1.001932880120e-003  ,3.063151034758e-001  
  1.001939880121e-003  ,3.027365821497e-001  
  1.001946880122e-003  ,2.990315091846e-001  
  1.001953880123e-003  ,2.952001198363e-001  
  1.001960880124e-003  ,2.912428842862e-001  
  1.001967880125e-003  ,2.871601155622e-001  
  1.001974880126e-003  ,2.829520678044e-001  
  1.001981880127e-003  ,2.786191707763e-001  
  1.001988880128e-003  ,2.741618340080e-001  
  1.001995880129e-003  ,2.695803691881e-001  
  1.002002880130e-003  ,2.648750293534e-001  
  1.002009880131e-003  ,2.600463006806e-001  
  1.002016880132e-003  ,2.550944162193e-001  
  1.002023880133e-003  ,2.500197835878e-001  
  1.002030880134e-003  ,2.448228097572e-001  
  1.002037880135e-003  ,2.395038043637e-001  
  1.002044880136e-003  ,2.340631025837e-001  
  1.002051880137e-003  ,2.285009620656e-001  
  1.002058880138e-003  ,2.228178718922e-001  
  1.002065880139e-003  ,2.170141403985e-001  
  1.002072880140e-003  ,2.110901012998e-001  
  1.002079880141e-003  ,2.050460966286e-001  
  1.002086880142e-003  ,1.988824708842e-001  
  1.002093880143e-003  ,1.925995690775e-001  
  1.002100880144e-003  ,1.861976499537e-001  
  1.002107880145e-003  ,1.796772019385e-001  
  1.002113286286e-003  ,1.745604777026e-001  
  1.002120286287e-003  ,1.678306467798e-001  
  1.002127286288e-003  ,1.609832404679e-001  
  1.002134286289e-003  ,1.540184875850e-001  
  1.002143786290e-003  ,1.443782789722e-001  
  1.002152253130e-003  ,1.356128156121e-001  
  1.002156691441e-003  ,1.309849330559e-001  
  1.002161175945e-003  ,1.263307758434e-001  
  1.002165505478e-003  ,1.218845120150e-001  
  1.002169879714e-003  ,1.174484360412e-001  
  1.002174165288e-003  ,1.131584003457e-001  
  1.002179201880e-003  ,1.081881847860e-001  
  1.002184489557e-003  ,1.030541695509e-001  
  1.002189909110e-003  ,9.788195847533e-002  
  1.002191438900e-003  ,9.643848392146e-002  
  1.002194498481e-003  ,9.357341154074e-002  
  1.002197761090e-003  ,9.055032258379e-002  
  1.002203150840e-003  ,8.562848852545e-002  
  1.002208332719e-003  ,8.098103496124e-002  
  1.002215332720e-003  ,7.483435790394e-002  
  1.002222332721e-003  ,6.883839193941e-002  
  1.002229332722e-003  ,6.299283645967e-002  
  1.002236332723e-003  ,5.729729237495e-002  
  1.002243332724e-003  ,5.175136807219e-002  
  1.002250332725e-003  ,4.635478748602e-002  
  1.002257332726e-003  ,4.110709816915e-002  
  1.002264086677e-003  ,3.618459448968e-002  
  1.002271086678e-003  ,3.122828731340e-002  
  1.002278086679e-003  ,2.641984300884e-002  
  1.002285086680e-003  ,2.175875148051e-002  
  1.002292086681e-003  ,1.724468455564e-002  
  1.002299086682e-003  ,1.287737436993e-002  
  1.002306086683e-003  ,8.656306180666e-003  
  1.002313086684e-003  ,4.581151783783e-003  
  1.002320086685e-003  ,6.516447412761e-004  
  1.002327086686e-003  ,-3.132727330343e-003  
  1.002334086687e-003  ,-6.772292166991e-003  
  1.002341086688e-003  ,-1.026731583123e-002  
  1.002348086689e-003  ,-1.361824819049e-002  
  1.002355086691e-003  ,-1.682551793881e-002  
  1.002362086692e-003  ,-1.988936995109e-002  
  1.002369086693e-003  ,-2.281023258216e-002  
  1.002376086694e-003  ,-2.558853346675e-002  
  1.002383086695e-003  ,-2.822451669183e-002  
  1.002390086696e-003  ,-3.071867025580e-002  
  1.002397086697e-003  ,-3.307131914956e-002  
  1.002404086698e-003  ,-3.528272723369e-002  
  1.002411086699e-003  ,-3.735334075212e-002  
  1.002418086700e-003  ,-3.928358504300e-002  
  1.002425086701e-003  ,-4.107378384232e-002  
  1.002432086702e-003  ,-4.272428759517e-002  
  1.002439086703e-003  ,-4.423536569326e-002  
  1.002446086704e-003  ,-4.560746910415e-002  
  1.002453086705e-003  ,-4.684096081034e-002  
  1.002460086706e-003  ,-4.793620344977e-002  
  1.002467086707e-003  ,-4.889355930677e-002  
  1.002474086708e-003  ,-4.971345057208e-002  
  1.002481086709e-003  ,-5.039619857096e-002  
  1.002488086710e-003  ,-5.094206422883e-002  
  1.002495086711e-003  ,-5.135154895065e-002  
  1.002499000002e-003  ,-5.152112752773e-002  
  1.002499100002e-003  ,-5.152488944698e-002  
  1.002499300003e-003  ,-5.153230244738e-002  
  1.002499700006e-003  ,-5.154686228704e-002  
  1.002500000002e-003  ,-5.155751413016e-002  
  1.002500080003e-003  ,-5.156030633882e-002  
  1.002500240004e-003  ,-5.156585527633e-002  
  1.002500560006e-003  ,-5.157674028549e-002  
  1.002501200011e-003  ,-5.159765896950e-002  
  1.002502480021e-003  ,-5.163609219591e-002  
  1.002505040040e-003  ,-5.169935078548e-002  
  1.002509086712e-003  ,-5.176236896956e-002  
  1.002513000003e-003  ,-5.178013239023e-002  
  1.002513150004e-003  ,-5.177996831965e-002  
  1.002513449983e-003  ,-5.177945227668e-002  
  1.002513853292e-003  ,-5.177836309150e-002  
  1.002514223306e-003  ,-5.177696428684e-002  
  1.002514606639e-003  ,-5.177511097769e-002  
  1.002515257447e-003  ,-5.177101854524e-002  
  1.002516559063e-003  ,-5.175923344841e-002  
  1.002517598792e-003  ,-5.174632930674e-002  
  1.002518129646e-003  ,-5.173853820970e-002  
  1.002518791723e-003  ,-5.172767539216e-002  
  1.002519596479e-003  ,-5.171275810303e-002  
  1.002520534693e-003  ,-5.169301020676e-002  
  1.002521588764e-003  ,-5.166783197064e-002  
  1.002522421925e-003  ,-5.164574606990e-002  
  1.002523535601e-003  ,-5.161326105164e-002  
  1.002524528763e-003  ,-5.158148910560e-002  
  1.002525780275e-003  ,-5.153770921463e-002  
  1.002527032531e-003  ,-5.148971735160e-002  
  1.002529537044e-003  ,-5.138107375590e-002  
  1.002532135434e-003  ,-5.125039094720e-002  
  1.002535076550e-003  ,-5.108018188770e-002  
  1.002538259066e-003  ,-5.086905199508e-002  
  1.002541377506e-003  ,-5.063479201287e-002  
  1.002544242627e-003  ,-5.039712262988e-002  
  1.002546869702e-003  ,-5.016575431671e-002  
  1.002549308277e-003  ,-4.994766098278e-002  
  1.002552476264e-003  ,-4.967519848444e-002  
  1.002555428184e-003  ,-4.944106030299e-002  
  1.002558266482e-003  ,-4.923713714986e-002  
  1.002560033760e-003  ,-4.912198430399e-002  
  1.002561853751e-003  ,-4.901263634427e-002  
  1.002564476355e-003  ,-4.887142544970e-002  
  1.002567910328e-003  ,-4.871548585321e-002  
  1.002571449726e-003  ,-4.858876230610e-002  
  1.002575467079e-003  ,-4.848660781125e-002  
  1.002580765187e-003  ,-4.841988430521e-002  
  1.002585262357e-003  ,-4.842401412906e-002  
  1.002591467946e-003  ,-4.852107428511e-002  
  1.002598028182e-003  ,-4.873844950908e-002  
  1.002604487835e-003  ,-4.906747838101e-002  
  1.002611487836e-003  ,-4.955243142608e-002  
  1.002618487837e-003  ,-5.017060243917e-002  
  1.002625487838e-003  ,-5.092164862424e-002  
  1.002632487839e-003  ,-5.180520843794e-002  
  1.002639487840e-003  ,-5.282092927174e-002  
  1.002646487841e-003  ,-5.396846165240e-002  
  1.002653487842e-003  ,-5.524745260389e-002  
  1.002660487844e-003  ,-5.665763532640e-002  
  1.002667487845e-003  ,-5.819856490731e-002  
  1.002674487846e-003  ,-5.986982811838e-002  
  1.002681487847e-003  ,-6.167111119096e-002  
  1.002688487848e-003  ,-6.360215900049e-002  
  1.002695487849e-003  ,-6.566253965404e-002  
  1.002702487850e-003  ,-6.785184122692e-002  
  1.002709487851e-003  ,-7.016975058470e-002  
  1.002716487852e-003  ,-7.261592891489e-002  
  1.002723487853e-003  ,-7.519002908859e-002  
  1.002730487854e-003  ,-7.789170111581e-002  
  1.002737487855e-003  ,-8.072068181039e-002  
  1.002744487856e-003  ,-8.367647453696e-002  
  1.002751487857e-003  ,-8.675884612785e-002  
  1.002758487858e-003  ,-8.996733020915e-002  
  1.002765487859e-003  ,-9.330169346246e-002  
  1.002772487860e-003  ,-9.676152810604e-002  
  1.002779487861e-003  ,-1.003464278183e-001  
  1.002786487862e-003  ,-1.040560831607e-001  
  1.002793487863e-003  ,-1.078901586109e-001  
  1.002800487864e-003  ,-1.118483960970e-001  
  1.002807487865e-003  ,-1.159303642230e-001  
  1.002814487866e-003  ,-1.201356592286e-001  
  1.002821487867e-003  ,-1.244640500544e-001  
  1.002828487868e-003  ,-1.289151317203e-001  
  1.002835487869e-003  ,-1.334885004726e-001  
  1.002842487870e-003  ,-1.381838501756e-001  
  1.002849487871e-003  ,-1.430008485370e-001  
  1.002858987872e-003  ,-1.497333388907e-001  
  1.002868487873e-003  ,-1.566618724914e-001  
  1.002873888799e-003  ,-1.605978817538e-001  
  1.002878207900e-003  ,-1.637041453448e-001  
  1.002882151493e-003  ,-1.664950891105e-001  
  1.002886234411e-003  ,-1.693365840420e-001  
  1.002890345641e-003  ,-1.721481010951e-001  
  1.002895186283e-003  ,-1.753940099890e-001  
  1.002899944969e-003  ,-1.785166065051e-001  
  1.002904443630e-003  ,-1.814058777884e-001  
  1.002910626867e-003  ,-1.852773014858e-001  
  1.002916085162e-003  ,-1.885990980911e-001  
  1.002921363153e-003  ,-1.917261039224e-001  
  1.002928363154e-003  ,-1.957449664913e-001  
  1.002934965859e-003  ,-1.994016921086e-001  
  1.002939647804e-003  ,-2.019158965321e-001  
  1.002946647805e-003  ,-2.055533100457e-001  
  1.002952949506e-003  ,-2.087035316576e-001  
  1.002959949507e-003  ,-2.120650814356e-001  
  1.002966949508e-003  ,-2.152819950374e-001  
  1.002973949509e-003  ,-2.183546301160e-001  
  1.002980216937e-003  ,-2.209835740702e-001  
  1.002986049997e-003  ,-2.233268894662e-001  
  1.002987949510e-003  ,-2.240684806824e-001  
  1.002991748561e-003  ,-2.255200507293e-001  
  1.002998457063e-003  ,-2.279796060483e-001  
  1.003001306334e-003  ,-2.289840097684e-001  
  1.003003947565e-003  ,-2.298949266389e-001  
  1.003006169701e-003  ,-2.306493025007e-001  
  1.003008206689e-003  ,-2.313359753404e-001  
  1.003010662401e-003  ,-2.321673153488e-001  
  1.003013086447e-003  ,-2.329987122822e-001  
  1.003014222847e-003  ,-2.333931691472e-001  
  1.003015811869e-003  ,-2.339506073059e-001  
  1.003017534444e-003  ,-2.345626869794e-001  
  1.003020407760e-003  ,-2.356013907937e-001  
  1.003023133928e-003  ,-2.366071406112e-001  
  1.003025800490e-003  ,-2.376097351719e-001  
  1.003028467426e-003  ,-2.386308310218e-001  
  1.003031952062e-003  ,-2.399922384238e-001  
  1.003035611415e-003  ,-2.414554451149e-001  
  1.003039199242e-003  ,-2.429236804846e-001  
  1.003044748434e-003  ,-2.452601633098e-001  
  1.003048995265e-003  ,-2.471018520087e-001  
  1.003053960332e-003  ,-2.493136624643e-001  
  1.003059733042e-003  ,-2.519644336509e-001  
  1.003065556416e-003  ,-2.547246476044e-001  
  1.003070520738e-003  ,-2.571459281057e-001  
  1.003075461218e-003  ,-2.596178105637e-001  
  1.003081353882e-003  ,-2.626471201542e-001  
  1.003088353883e-003  ,-2.663598300309e-001  
  1.003095353884e-003  ,-2.701961989920e-001  
  1.003102353885e-003  ,-2.741559039761e-001  
  1.003109353886e-003  ,-2.782386889274e-001  
  1.003116353887e-003  ,-2.824441227464e-001  
  1.003123353888e-003  ,-2.867718027698e-001  
  1.003130353889e-003  ,-2.912214242867e-001  
  1.003137353890e-003  ,-2.957927390228e-001  
  1.003143554263e-003  ,-2.999431156057e-001  
  1.003150554264e-003  ,-3.047427683483e-001  
  1.003157554265e-003  ,-3.096630346484e-001  
  1.003167054266e-003  ,-3.165348036079e-001  
  1.003176554267e-003  ,-3.235697889034e-001  
  1.003180972462e-003  ,-3.268271423758e-001  
  1.003185776596e-003  ,-3.303195607506e-001  
  1.003190465991e-003  ,-3.336665569848e-001  
  1.003193068107e-003  ,-3.354963050310e-001  
  1.003196198095e-003  ,-3.376706170125e-001  
  1.003199139957e-003  ,-3.396874532048e-001  
  1.003200957154e-003  ,-3.409202419190e-001  
  1.003203965326e-003  ,-3.429390872498e-001  
  1.003206863974e-003  ,-3.448584843625e-001  
  1.003210303907e-003  ,-3.471030921658e-001  
  1.003214467292e-003  ,-3.497715516453e-001  
  1.003219668542e-003  ,-3.530313892808e-001  
  1.003224430953e-003  ,-3.559445416085e-001  
  1.003231430954e-003  ,-3.601023496890e-001  
  1.003236116624e-003  ,-3.628031371199e-001  
  1.003240569836e-003  ,-3.653087833690e-001  
  1.003244836784e-003  ,-3.676538097837e-001  
  1.003249912864e-003  ,-3.703725267249e-001  
  1.003255799568e-003  ,-3.734290047848e-001  
  1.003262799569e-003  ,-3.769290632778e-001  
  1.003269799570e-003  ,-3.802833726238e-001  
  1.003276799571e-003  ,-3.834922949650e-001  
  1.003283799572e-003  ,-3.865562026586e-001  
  1.003290799573e-003  ,-3.894754674148e-001  
  1.003297799574e-003  ,-3.922503667219e-001  
  1.003304799575e-003  ,-3.948813626583e-001  
  1.003311799576e-003  ,-3.973688873724e-001  
  1.003318799577e-003  ,-3.997131880294e-001  
  1.003325799578e-003  ,-4.019146963519e-001  
  1.003332799579e-003  ,-4.039738427227e-001  
  1.003339799580e-003  ,-4.058909549956e-001  
  1.003346799581e-003  ,-4.076662995664e-001  
  1.003353799582e-003  ,-4.093003270383e-001  
  1.003360799583e-003  ,-4.107934665716e-001  
  1.003367799584e-003  ,-4.121459630437e-001  
  1.003374799585e-003  ,-4.133582450562e-001  
  1.003381799586e-003  ,-4.144307410397e-001  
  1.003388799587e-003  ,-4.153637767220e-001  
  1.003395799588e-003  ,-4.161577046168e-001  
  1.003402799589e-003  ,-4.168128861514e-001  
  1.003409799590e-003  ,-4.173295945425e-001  
  1.003416799591e-003  ,-4.177083462742e-001  
  1.003423799592e-003  ,-4.179493844442e-001  
  1.003430799593e-003  ,-4.180531344130e-001  
  1.003437799594e-003  ,-4.180200212987e-001  
  1.003444799595e-003  ,-4.178502876217e-001  
  1.003451799596e-003  ,-4.175443573823e-001  
  1.003458799597e-003  ,-4.171025936944e-001  
  1.003465799598e-003  ,-4.165254200615e-001  
  1.003472799599e-003  ,-4.158130780308e-001  
  1.003479799600e-003  ,-4.149659900053e-001  
  1.003486799601e-003  ,-4.139845780019e-001  
  1.003493799602e-003  ,-4.128690829943e-001  
  1.003500799603e-003  ,-4.116199864191e-001  
  1.003507799604e-003  ,-4.102375286451e-001  
  1.003514799605e-003  ,-4.087221301385e-001  
  1.003521799606e-003  ,-4.070742108524e-001  
  1.003528799607e-003  ,-4.052940903533e-001  
  1.003535799608e-003  ,-4.033820281076e-001  
  1.003542799609e-003  ,-4.013384629421e-001  
  1.003549799610e-003  ,-3.991637534000e-001  
  1.003556799611e-003  ,-3.968583172750e-001  
  1.003563799612e-003  ,-3.944224725116e-001  
  1.003570799613e-003  ,-3.918564772792e-001  
  1.003577799615e-003  ,-3.891607682184e-001  
  1.003584799616e-003  ,-3.863357020800e-001  
  1.003591799617e-003  ,-3.833816945565e-001  
  1.003598799618e-003  ,-3.802990619786e-001  
  1.003605799619e-003  ,-3.770881467447e-001  
  1.003612799620e-003  ,-3.737492997107e-001  
  1.003619799621e-003  ,-3.702827860050e-001  
  1.003626799622e-003  ,-3.666890479472e-001  
  1.003633799623e-003  ,-3.629684397264e-001  
  1.003640799624e-003  ,-3.591213151437e-001  
  1.003647799625e-003  ,-3.551480276296e-001  
  1.003654799626e-003  ,-3.510489890176e-001  
  1.003661799627e-003  ,-3.468245126989e-001  
  1.003671021955e-003  ,-3.410666275198e-001  
  1.003680521956e-003  ,-3.349715478620e-001  
  1.003687521957e-003  ,-3.305218470360e-001  
  1.003694521958e-003  ,-3.261751448726e-001  
  1.003700869108e-003  ,-3.223445293769e-001  
  1.003705295498e-003  ,-3.197393842800e-001  
  1.003709602679e-003  ,-3.172582509189e-001  
  1.003713404710e-003  ,-3.151127761894e-001  
  1.003717764790e-003  ,-3.127043314745e-001  
  1.003722042913e-003  ,-3.103952885562e-001  
  1.003728016788e-003  ,-3.072607566574e-001  
  1.003733162159e-003  ,-3.046445954102e-001  
  1.003737967039e-003  ,-3.022712456698e-001  
  1.003744967040e-003  ,-2.989337767509e-001  
  1.003751643505e-003  ,-2.958830962723e-001  
  1.003758643506e-003  ,-2.928233066292e-001  
  1.003765643507e-003  ,-2.899050278932e-001  
  1.003772643508e-003  ,-2.871279187139e-001  
  1.003779643509e-003  ,-2.844917135695e-001  
  1.003786643510e-003  ,-2.819959123050e-001  
  1.003793643511e-003  ,-2.796401961530e-001  
  1.003800643512e-003  ,-2.774243035829e-001  
  1.003807643513e-003  ,-2.753477314340e-001  
  1.003814643514e-003  ,-2.734101591509e-001  
  1.003821643515e-003  ,-2.716112400634e-001  
  1.003828643516e-003  ,-2.699506186443e-001  
  1.003835643517e-003  ,-2.684280260623e-001  
  1.003842643518e-003  ,-2.670430137786e-001  
  1.003849643519e-003  ,-2.657951629070e-001  
  1.003856643520e-003  ,-2.646841546137e-001  
  1.003863643521e-003  ,-2.637097299796e-001  
  1.003870643522e-003  ,-2.628713914654e-001  
  1.003877643523e-003  ,-2.621689005688e-001  
  1.003884643524e-003  ,-2.616017806541e-001  
  1.003891643525e-003  ,-2.611697144411e-001  
  1.003898643526e-003  ,-2.608724442946e-001  
  1.003905643527e-003  ,-2.607095344526e-001  
  1.003912643528e-003  ,-2.606805695222e-001  
  1.003919643529e-003  ,-2.607853123533e-001  
  1.003926643530e-003  ,-2.610233481761e-001  
  1.003933643531e-003  ,-2.613942628205e-001  
  1.003940643532e-003  ,-2.618977410880e-001  
  1.003947643533e-003  ,-2.625334417856e-001  
  1.003954643534e-003  ,-2.633011026439e-001  
  1.003961643535e-003  ,-2.642002257553e-001  
  1.003968643536e-003  ,-2.652305755386e-001  
  1.003975643537e-003  ,-2.663917399813e-001  
  1.003982643538e-003  ,-2.676833077130e-001  
  1.003989643539e-003  ,-2.691049656956e-001  
  1.003996643540e-003  ,-2.706563750812e-001  
  1.004003643541e-003  ,-2.723371886776e-001  
  1.004010643542e-003  ,-2.741470567029e-001  
  1.004016297043e-003  ,-2.757027670413e-001  
  1.004023297044e-003  ,-2.777450451637e-001  
  1.004030297045e-003  ,-2.799153840766e-001  
  1.004039797046e-003  ,-2.830670054414e-001  
  1.004048018017e-003  ,-2.859451178038e-001  
  1.004051297390e-003  ,-2.871118524505e-001  
  1.004053971403e-003  ,-2.880557121505e-001  
  1.004057285049e-003  ,-2.892013816313e-001  
  1.004059766092e-003  ,-2.900386596716e-001  
  1.004062480711e-003  ,-2.909341015645e-001  
  1.004065583506e-003  ,-2.919315556347e-001  
  1.004068524995e-003  ,-2.928515987288e-001  
  1.004071540617e-003  ,-2.937690246847e-001  
  1.004074343898e-003  ,-2.945984801613e-001  
  1.004078055405e-003  ,-2.956619672231e-001  
  1.004081887984e-003  ,-2.967183226805e-001  
  1.004086348646e-003  ,-2.978939754298e-001  
  1.004091451549e-003  ,-2.991685032313e-001  
  1.004096158826e-003  ,-3.002779676909e-001  
  1.004101664060e-003  ,-3.014949908504e-001  
  1.004106856369e-003  ,-3.025633407883e-001  
  1.004111845278e-003  ,-3.035172357376e-001  
  1.004117332631e-003  ,-3.044844334427e-001  
  1.004122970485e-003  ,-3.053889028432e-001  
  1.004129366808e-003  ,-3.063057823912e-001  
  1.004136366809e-003  ,-3.071763900655e-001  
  1.004143366810e-003  ,-3.079084561559e-001  
  1.004150366811e-003  ,-3.085024806176e-001  
  1.004157366812e-003  ,-3.089587944568e-001  
  1.004164366813e-003  ,-3.092776618225e-001  
  1.004171366814e-003  ,-3.094595857216e-001  
  1.004178366815e-003  ,-3.095048876961e-001  
  1.004185366817e-003  ,-3.094138301690e-001  
  1.004192366818e-003  ,-3.091869174298e-001  
  1.004199366819e-003  ,-3.088244710189e-001  
  1.004206366820e-003  ,-3.083268389408e-001  
  1.004213366821e-003  ,-3.076942888630e-001  
  1.004220366822e-003  ,-3.069273291203e-001  
  1.004227366823e-003  ,-3.060262802279e-001  
  1.004234366824e-003  ,-3.049914023751e-001  
  1.004241366825e-003  ,-3.038231955574e-001  
  1.004248366826e-003  ,-3.025218994907e-001  
  1.004255366827e-003  ,-3.010879334448e-001  
  1.004262366828e-003  ,-2.995217160471e-001  
  1.004269366829e-003  ,-2.978234862635e-001  
  1.004276366830e-003  ,-2.959937216874e-001  
  1.004283366831e-003  ,-2.940327402721e-001  
  1.004290366832e-003  ,-2.919408001933e-001  
  1.004297366833e-003  ,-2.897183975435e-001  
  1.004304366834e-003  ,-2.873657701166e-001  
  1.004311366835e-003  ,-2.848833931332e-001  
  1.004318366836e-003  ,-2.822715039001e-001  
  1.004325366837e-003  ,-2.795305174622e-001  
  1.004332366838e-003  ,-2.766608482428e-001  
  1.004339366839e-003  ,-2.736627328211e-001  
  1.004346366840e-003  ,-2.705365849991e-001  
  1.004353366841e-003  ,-2.672828179721e-001  
  1.004360366842e-003  ,-2.639016675881e-001  
  1.004367366843e-003  ,-2.603936051798e-001  
  1.004374366844e-003  ,-2.567589445059e-001  
  1.004381366845e-003  ,-2.529979403322e-001  
  1.004388366846e-003  ,-2.491110235399e-001  
  1.004395366847e-003  ,-2.450985461640e-001  
  1.004402366848e-003  ,-2.409609183671e-001  
  1.004409366849e-003  ,-2.366983742874e-001  
  1.004416366850e-003  ,-2.323113818423e-001  
  1.004423366851e-003  ,-2.278002525000e-001  
  1.004430366852e-003  ,-2.231652391619e-001  
  1.004437366853e-003  ,-2.184067695532e-001  
  1.004444366854e-003  ,-2.135251931146e-001  
  1.004451366855e-003  ,-2.085208588848e-001  
  1.004458366856e-003  ,-2.033941155403e-001  
  1.004465366857e-003  ,-1.981453113887e-001  
  1.004472366858e-003  ,-1.927748522342e-001  
  1.004479366859e-003  ,-1.872830468845e-001  
  1.004486366860e-003  ,-1.816701461037e-001  
  1.004493366861e-003  ,-1.759365739977e-001  
  1.004500366862e-003  ,-1.700826770104e-001  
  1.004507366863e-003  ,-1.641088587361e-001  
  1.004514366864e-003  ,-1.580154263101e-001  
  1.004521366865e-003  ,-1.518026291270e-001  
  1.004528366866e-003  ,-1.454709463517e-001  
  1.004535366867e-003  ,-1.390206841173e-001  
  1.004542366868e-003  ,-1.324521737832e-001  
  1.004549366869e-003  ,-1.257657548685e-001  
  1.004556366870e-003  ,-1.189616839192e-001  
  1.004563366871e-003  ,-1.120403889010e-001  
  1.004570366872e-003  ,-1.050022694272e-001  
  1.004577366873e-003  ,-9.784762956293e-002  
  1.004586642846e-003  ,-8.818645890223e-002  
  1.004596142847e-003  ,-7.814463276353e-002  
  1.004603142848e-003  ,-7.079842482402e-002  
  1.004610142849e-003  ,-6.356472953798e-002  
  1.004616494469e-003  ,-5.711977794993e-002  
  1.004620763652e-003  ,-5.285494466692e-002  
  1.004624743007e-003  ,-4.892956005783e-002  
  1.004628362871e-003  ,-4.540110859733e-002  
  1.004632378734e-003  ,-4.153415029752e-002  
  1.004636317111e-003  ,-3.779050679915e-002  
  1.004641785837e-003  ,-3.267223835698e-002  
  1.004646508760e-003  ,-2.832675009667e-002  
  1.004649129502e-003  ,-2.594528525915e-002  
  1.004652195788e-003  ,-2.318592820284e-002  
  1.004656310744e-003  ,-1.952851233023e-002  
  1.004659104712e-003  ,-1.707499642792e-002  
  1.004663332171e-003  ,-1.340843653607e-002  
  1.004669446863e-003  ,-8.202375496779e-003  
  1.004676446864e-003  ,-2.383564832435e-003  
  1.004683446865e-003  ,3.285072160524e-003  
  1.004690446866e-003  ,8.803900542211e-003  
  1.004697446867e-003  ,1.417328742450e-002  
  1.004704446868e-003  ,1.939360241265e-002  
  1.004711446869e-003  ,2.446512438981e-002  
  1.004718446870e-003  ,2.938831892526e-002  
  1.004725446871e-003  ,3.416361998788e-002  
  1.004732446872e-003  ,3.879135727191e-002  
  1.004739446873e-003  ,4.327179868437e-002  
  1.004746446874e-003  ,4.760545927951e-002  
  1.004753446875e-003  ,5.179266829408e-002  
  1.004760446876e-003  ,5.583369302404e-002  
  1.004767446877e-003  ,5.972904709681e-002  
  1.004774446878e-003  ,6.347897675583e-002  
  1.004781446879e-003  ,6.708391274348e-002  
  1.004788446880e-003  ,7.054428529670e-002  
  1.004795446881e-003  ,7.386034003887e-002  
  1.004802446882e-003  ,7.703256787476e-002  
  1.004809446883e-003  ,8.006129564548e-002  
  1.004816446884e-003  ,8.294678874995e-002  
  1.004823446885e-003  ,8.568955720770e-002  
  1.004830446886e-003  ,8.828992700446e-002  
  1.004837446887e-003  ,9.074816284912e-002  
  1.004844446888e-003  ,9.306477340821e-002  
  1.004851446889e-003  ,9.524008376265e-002  
  1.004858446890e-003  ,9.727435788033e-002  
  1.004865446891e-003  ,9.916810304219e-002  
  1.004872446892e-003  ,1.009216434714e-001  
  1.004879446893e-003  ,1.025352424226e-001  
  1.004886446894e-003  ,1.040094057825e-001  
  1.004893446895e-003  ,1.053443760673e-001  
  1.004902946896e-003  ,1.069323645166e-001  
  1.004907350189e-003  ,1.075828161091e-001  
  1.004911278880e-003  ,1.081299371263e-001  
  1.004914857022e-003  ,1.086241290886e-001  
  1.004917395062e-003  ,1.089839150519e-001  
  1.004919755406e-003  ,1.093314483456e-001  
  1.004921943269e-003  ,1.096666324140e-001  
  1.004924332670e-003  ,1.100473866937e-001  
  1.004926546238e-003  ,1.104137432068e-001  
  1.004929774574e-003  ,1.109715118682e-001  
  1.004932070843e-003  ,1.113851413978e-001  
  1.004935257829e-003  ,1.119823517656e-001  
  1.004938763700e-003  ,1.126703669987e-001  
  1.004942708037e-003  ,1.134836861755e-001  
  1.004947732709e-003  ,1.145801582225e-001  
  1.004952690325e-003  ,1.157279502963e-001  
  1.004958129249e-003  ,1.170620887872e-001  
  1.004964804224e-003  ,1.188063082694e-001  
  1.004971804225e-003  ,1.207618071798e-001  
  1.004978477710e-003  ,1.227462766201e-001  
  1.004985477711e-003  ,1.249535447035e-001  
  1.004992477712e-003  ,1.272891429470e-001  
  1.004999000002e-003  ,1.295805371254e-001  
  1.004999100002e-003  ,1.296165466798e-001  
  1.004999300003e-003  ,1.296886706767e-001  
  1.004999700006e-003  ,1.298331687167e-001  
  1.005000000002e-003  ,1.299417820562e-001  
  1.005000080003e-003  ,1.299707941742e-001  
  1.005000240004e-003  ,1.300288584089e-001  
  1.005000560006e-003  ,1.301451788603e-001  
  1.005001200011e-003  ,1.303786089276e-001  
  1.005002480021e-003  ,1.308486674545e-001  
  1.005005040040e-003  ,1.318015702563e-001  
  1.005010160079e-003  ,1.337584421463e-001  
  1.005017160080e-003  ,1.365437899612e-001  
  1.005024160081e-003  ,1.394558542616e-001  
  1.005031160082e-003  ,1.424943872684e-001  
  1.005038160083e-003  ,1.456589091728e-001  
  1.005045160084e-003  ,1.489491094488e-001  
  1.005052160085e-003  ,1.523646518410e-001  
  1.005058291913e-003  ,1.554593116581e-001  
  1.005059160085e-003  ,1.559052161024e-001  
  1.005060896443e-003  ,1.568027853662e-001  
  1.005064369159e-003  ,1.586209456535e-001  
  1.005069790946e-003  ,1.615217457994e-001  
  1.005072291914e-003  ,1.628857393135e-001  
  1.005074614633e-003  ,1.641670678262e-001  
  1.005076485474e-003  ,1.652090497262e-001  
  1.005078452799e-003  ,1.663139049754e-001  
  1.005078896807e-003  ,1.665645335004e-001  
  1.005079784823e-003  ,1.670671390518e-001  
  1.005080662129e-003  ,1.675653739403e-001  
  1.005081553126e-003  ,1.680730526810e-001  
  1.005082177764e-003  ,1.684299397771e-001  
  1.005082678350e-003  ,1.687165148203e-001  
  1.005083545132e-003  ,1.692138745484e-001  
  1.005084400924e-003  ,1.697063029736e-001  
  1.005086112508e-003  ,1.706950257564e-001  
  1.005088461677e-003  ,1.720596339543e-001  
  1.005091096574e-003  ,1.735988905488e-001  
  1.005094296971e-003  ,1.754788142160e-001  
  1.005098657051e-003  ,1.780503147408e-001  
  1.005103170613e-003  ,1.807171380105e-001  
  1.005108207205e-003  ,1.836873595590e-001  
  1.005112983027e-003  ,1.864872496556e-001  
  1.005117745439e-003  ,1.892520314700e-001  
  1.005124581346e-003  ,1.931483937050e-001  
  1.005131581347e-003  ,1.970293809498e-001  
  1.005138581348e-003  ,2.007717079626e-001  
  1.005143229765e-003  ,2.031777096798e-001  
  1.005150229766e-003  ,2.066791804274e-001  
  1.005154805168e-003  ,2.088884394047e-001  
  1.005161805169e-003  ,2.121467530802e-001  
  1.005168805170e-003  ,2.152592755921e-001  
  1.005175805171e-003  ,2.182272652117e-001  
  1.005182610531e-003  ,2.209742026845e-001  
  1.005188804944e-003  ,2.233557670503e-001  
  1.005195804945e-003  ,2.259112493726e-001  
  1.005202155820e-003  ,2.281061157854e-001  
  1.005209155821e-003  ,2.303896616444e-001  
  1.005213188075e-003  ,2.316406125485e-001  
  1.005218002640e-003  ,2.330726671653e-001  
  1.005222755366e-003  ,2.344206833006e-001  
  1.005229311877e-003  ,2.361734708885e-001  
  1.005236311878e-003  ,2.379085478499e-001  
  1.005243311879e-003  ,2.395032206863e-001  
  1.005250311880e-003  ,2.409578344745e-001  
  1.005257311881e-003  ,2.422727475864e-001  
  1.005264311882e-003  ,2.434482342952e-001  
  1.005271311883e-003  ,2.444848137018e-001  
  1.005280811884e-003  ,2.456680556214e-001  
  1.005289709367e-003  ,2.465861666296e-001  
  1.005295052923e-003  ,2.471404486546e-001  
  1.005300352521e-003  ,2.477388199597e-001  
  1.005305523224e-003  ,2.483857714740e-001  
  1.005307873883e-003  ,2.487017136558e-001  
  1.005312493988e-003  ,2.493645582426e-001  
  1.005316754975e-003  ,2.500257014939e-001  
  1.005320890047e-003  ,2.507133078388e-001  
  1.005326048829e-003  ,2.516349903677e-001  
  1.005331804402e-003  ,2.527470449486e-001  
  1.005333927445e-003  ,2.531795218174e-001  
  1.005336707257e-003  ,2.537638743001e-001  
  1.005340545796e-003  ,2.546044107186e-001  
  1.005345739596e-003  ,2.558036501793e-001  
  1.005351167344e-003  ,2.571329884264e-001  
  1.005357908629e-003  ,2.588920766357e-001  
  1.005364908630e-003  ,2.608451161664e-001  
  1.005371908631e-003  ,2.629264769229e-001  
  1.005378908632e-003  ,2.651359308127e-001  
  1.005385908633e-003  ,2.674730314193e-001  
  1.005392908634e-003  ,2.699374641902e-001  
  1.005399908635e-003  ,2.725288854972e-001  
  1.005406908636e-003  ,2.752469493523e-001  
  1.005413908637e-003  ,2.780913104518e-001  
  1.005420908638e-003  ,2.810617089146e-001  
  1.005427908639e-003  ,2.841576518461e-001  
  1.005434908640e-003  ,2.873788296028e-001  
  1.005441908641e-003  ,2.907249913408e-001  
  1.005448908642e-003  ,2.941957131472e-001  
  1.005455908643e-003  ,2.977905909126e-001  
  1.005462908644e-003  ,3.015093169758e-001  
  1.005469908645e-003  ,3.053515584808e-001  
  1.005476908646e-003  ,3.093170594624e-001  
  1.005483908647e-003  ,3.134053338507e-001  
  1.005490908648e-003  ,3.176161519008e-001  
  1.005497908649e-003  ,3.219490546724e-001  
  1.005504908650e-003  ,3.264037363879e-001  
  1.005511908651e-003  ,3.309799486453e-001  
  1.005518908652e-003  ,3.356772716285e-001  
  1.005525908653e-003  ,3.404953057768e-001  
  1.005532908654e-003  ,3.454338227024e-001  
  1.005539908655e-003  ,3.504924226965e-001  
  1.005546908656e-003  ,3.556707068988e-001  
  1.005553908657e-003  ,3.609684480535e-001  
  1.005560908658e-003  ,3.663852486580e-001  
  1.005567908659e-003  ,3.719207109492e-001  
  1.005574908660e-003  ,3.775746075789e-001  
  1.005581908661e-003  ,3.833465416545e-001  
  1.005588908662e-003  ,3.892361179308e-001  
  1.005596767535e-003  ,3.959897275417e-001  
  1.005602813681e-003  ,4.012750918670e-001  
  1.005605371465e-003  ,4.035258838053e-001  
  1.005608438124e-003  ,4.062187728433e-001  
  1.005611200427e-003  ,4.086277906324e-001  
  1.005612950755e-003  ,4.101431177239e-001  
  1.005614568276e-003  ,4.115345880030e-001  
  1.005616181140e-003  ,4.129133603924e-001  
  1.005618031306e-003  ,4.144845438008e-001  
  1.005620444921e-003  ,4.165178209466e-001  
  1.005623346177e-003  ,4.189376587412e-001  
  1.005625764263e-003  ,4.209345162524e-001  
  1.005629054067e-003  ,4.236224097931e-001  
  1.005632339773e-003  ,4.262738320262e-001  
  1.005637355504e-003  ,4.302568825079e-001  
  1.005642394332e-003  ,4.341796184139e-001  
  1.005647116510e-003  ,4.377844806919e-001  
  1.005651653168e-003  ,4.411829097551e-001  
  1.005656267313e-003  ,4.445745514906e-001  
  1.005660602806e-003  ,4.477018381336e-001  
  1.005667602807e-003  ,4.526294952022e-001  
  1.005672349571e-003  ,4.558856495102e-001  
  1.005679349572e-003  ,4.605619490803e-001  
  1.005686037214e-003  ,4.648901817438e-001  
  1.005693037215e-003  ,4.692749409369e-001  
  1.005700037216e-003  ,4.735112521072e-001  
  1.005707037217e-003  ,4.775993619408e-001  
  1.005714037218e-003  ,4.815397727141e-001  
  1.005721037219e-003  ,4.853327363878e-001  
  1.005728037220e-003  ,4.889786896832e-001  
  1.005735037221e-003  ,4.924780666560e-001  
  1.005741781486e-003  ,4.957111856363e-001  
  1.005748781487e-003  ,4.989237287731e-001  
  1.005755781488e-003  ,5.019907633279e-001  
  1.005762781489e-003  ,5.049126467303e-001  
  1.005769781490e-003  ,5.076897463057e-001  
  1.005776781491e-003  ,5.103224324495e-001  
  1.005783781492e-003  ,5.128110762768e-001  
  1.005790781493e-003  ,5.151559561537e-001  
  1.005797781494e-003  ,5.173575975532e-001  
  1.005804781495e-003  ,5.194163298140e-001  
  1.005811781496e-003  ,5.213325094793e-001  
  1.005818781497e-003  ,5.231065019238e-001  
  1.005825781498e-003  ,5.247385832454e-001  
  1.005832781499e-003  ,5.262292140751e-001  
  1.005839781500e-003  ,5.275788247667e-001  
  1.005846781501e-003  ,5.287876610146e-001  
  1.005853781502e-003  ,5.298561525299e-001  
  1.005860781503e-003  ,5.307847285492e-001  
  1.005867781504e-003  ,5.315737157591e-001  
  1.005874781505e-003  ,5.322233793599e-001  
  1.005881781506e-003  ,5.327342289057e-001  
  1.005888781507e-003  ,5.331065086678e-001  
  1.005895781508e-003  ,5.333407068867e-001  
  1.005902781509e-003  ,5.334370674111e-001  
  1.005909781510e-003  ,5.333960167402e-001  
  1.005916781512e-003  ,5.332179199987e-001  
  1.005923781513e-003  ,5.329032026806e-001  
  1.005930781514e-003  ,5.324521885950e-001  
  1.005937781515e-003  ,5.318652282500e-001  
  1.005944781516e-003  ,5.311425910739e-001  
  1.005951781517e-003  ,5.302847886195e-001  
  1.005958781518e-003  ,5.292920629006e-001  
  1.005965781519e-003  ,5.281648371544e-001  
  1.005972781520e-003  ,5.269035339748e-001  
  1.005979781521e-003  ,5.255084749628e-001  
  1.005986781522e-003  ,5.239800082317e-001  
  1.005993781523e-003  ,5.223184013703e-001  
  1.006000781524e-003  ,5.205241623809e-001  
  1.006007781525e-003  ,5.185976116133e-001  
  1.006014781526e-003  ,5.165390958253e-001  
  1.006021781527e-003  ,5.143488815216e-001  
  1.006028781528e-003  ,5.120274147926e-001  
  1.006035781529e-003  ,5.095750546506e-001  
  1.006042781530e-003  ,5.069922194885e-001  
  1.006049781531e-003  ,5.042792277206e-001  
  1.006056781532e-003  ,5.014363378888e-001  
  1.006063781533e-003  ,4.984639872461e-001  
  1.006070781534e-003  ,4.953625924893e-001  
  1.006077781535e-003  ,4.921323914796e-001  
  1.006084781536e-003  ,4.887738002277e-001  
  1.006091781537e-003  ,4.852871748259e-001  
  1.006098781538e-003  ,4.816729303276e-001  
  1.006105781539e-003  ,4.779313825857e-001  
  1.006112781540e-003  ,4.740628734427e-001  
  1.006119781541e-003  ,4.700677531551e-001  
  1.006126781542e-003  ,4.659462863851e-001  
  1.006136281543e-003  ,4.601504965543e-001  
  1.006144748383e-003  ,4.547974031672e-001  
  1.006149186693e-003  ,4.519527189064e-001  
  1.006153481208e-003  ,4.492164547409e-001  
  1.006157781683e-003  ,4.465184686218e-001  
  1.006158646416e-003  ,4.459816930740e-001  
  1.006160063144e-003  ,4.451071397238e-001  
  1.006161624413e-003  ,4.441502818214e-001  
  1.006163864058e-003  ,4.427900778131e-001  
  1.006166829761e-003  ,4.410114676507e-001  
  1.006169176322e-003  ,4.396223952949e-001  
  1.006172363308e-003  ,4.377614375945e-001  
  1.006176088598e-003  ,4.356234291639e-001  
  1.006179057654e-003  ,4.339486784420e-001  
  1.006181735766e-003  ,4.324604450696e-001  
  1.006184307333e-003  ,4.310513338761e-001  
  1.006188461777e-003  ,4.288156066693e-001  
  1.006192631867e-003  ,4.266219415238e-001  
  1.006197002378e-003  ,4.243771188437e-001  
  1.006202943471e-003  ,4.214146278729e-001  
  1.006208973971e-003  ,4.185123260285e-001  
  1.006212153878e-003  ,4.170243772716e-001  
  1.006216427531e-003  ,4.150706975767e-001  
  1.006220561114e-003  ,4.132312052141e-001  
  1.006227469292e-003  ,4.102668406139e-001  
  1.006234469293e-003  ,4.074030132687e-001  
  1.006241469294e-003  ,4.046797150353e-001  
  1.006248469295e-003  ,4.020965846840e-001  
  1.006255469296e-003  ,3.996533486669e-001  
  1.006262469297e-003  ,3.973495565992e-001  
  1.006269469298e-003  ,3.951847932067e-001  
  1.006276469299e-003  ,3.931587380482e-001  
  1.006283469300e-003  ,3.912710440519e-001  
  1.006290469301e-003  ,3.895214450622e-001  
  1.006297469302e-003  ,3.879094365165e-001  
  1.006304469303e-003  ,3.864347797309e-001  
  1.006311469304e-003  ,3.850970568025e-001  
  1.006318469305e-003  ,3.838958502458e-001  
  1.006325469306e-003  ,3.828308426502e-001  
  1.006332469307e-003  ,3.819016903360e-001  
  1.006339469308e-003  ,3.811080410104e-001  
  1.006346469309e-003  ,3.804495397450e-001  
  1.006353469310e-003  ,3.799259198392e-001  
  1.006360469311e-003  ,3.795367368550e-001  
  1.006367469312e-003  ,3.792816354606e-001  
  1.006374469313e-003  ,3.791602606303e-001  
  1.006381469314e-003  ,3.791722576185e-001  
  1.006388469315e-003  ,3.793172129652e-001  
  1.006395469316e-003  ,3.795948907877e-001  
  1.006402469317e-003  ,3.800048786195e-001  
  1.006409469318e-003  ,3.805468231303e-001  
  1.006416469319e-003  ,3.812203122492e-001  
  1.006423469320e-003  ,3.820251110271e-001  
  1.006430469321e-003  ,3.829607500167e-001  
  1.006437469322e-003  ,3.840269164011e-001  
  1.006444469323e-003  ,3.852232714757e-001  
  1.006451469324e-003  ,3.865494683774e-001  
  1.006458469325e-003  ,3.880052451072e-001  
  1.006465469326e-003  ,3.895901644213e-001  
  1.006472469327e-003  ,3.913038175807e-001  
  1.006479469328e-003  ,3.931459714259e-001  
  1.006486469329e-003  ,3.951162183231e-001  
  1.006493469330e-003  ,3.972141509632e-001  
  1.006499654802e-003  ,3.991739926418e-001  
  1.006505736711e-003  ,4.011977786351e-001  
  1.006507469331e-003  ,4.017918650073e-001  
  1.006510934596e-003  ,4.030033219543e-001  
  1.006517865126e-003  ,4.055201225324e-001  
  1.006520464057e-003  ,4.064962980367e-001  
  1.006523126895e-003  ,4.075135531172e-001  
  1.006524289931e-003  ,4.079628822840e-001  
  1.006525995741e-003  ,4.086255292159e-001  
  1.006527674171e-003  ,4.092786718241e-001  
  1.006529142680e-003  ,4.098481604850e-001  
  1.006530614915e-003  ,4.104153133693e-001  
  1.006531367051e-003  ,4.107026647638e-001  
  1.006532167523e-003  ,4.110065261556e-001  
  1.006533090650e-003  ,4.113543110146e-001  
  1.006534021879e-003  ,4.117022489917e-001  
  1.006535621519e-003  ,4.122932660240e-001  
  1.006537581394e-003  ,4.130064376743e-001  
  1.006539577404e-003  ,4.137208446278e-001  
  1.006541774953e-003  ,4.144935711318e-001  
  1.006544109965e-003  ,4.152990185943e-001  
  1.006547573740e-003  ,4.164648636939e-001  
  1.006550920541e-003  ,4.175585616471e-001  
  1.006555857296e-003  ,4.191124170563e-001  
  1.006560423756e-003  ,4.204863425995e-001  
  1.006565543050e-003  ,4.219542544362e-001  
  1.006568719233e-003  ,4.228267375078e-001  
  1.006572478796e-003  ,4.238217599951e-001  
  1.006576065878e-003  ,4.247330839468e-001  
  1.006582605997e-003  ,4.262991066993e-001  
  1.006589605998e-003  ,4.278387631362e-001  
  1.006596605999e-003  ,4.292376324362e-001  
  1.006603606000e-003  ,4.304961033367e-001  
  1.006610606002e-003  ,4.316145498154e-001  
  1.006617606003e-003  ,4.325933313970e-001  
  1.006624606004e-003  ,4.334327186533e-001  
  1.006631606005e-003  ,4.341332310361e-001  
  1.006638606006e-003  ,4.346951968815e-001  
  1.006645606007e-003  ,4.351188804529e-001  
  1.006652606008e-003  ,4.354047879555e-001  
  1.006659606009e-003  ,4.355532432109e-001  
  1.006666606010e-003  ,4.355645096592e-001  
  1.006673606011e-003  ,4.354390327948e-001  
  1.006680606012e-003  ,4.351772367782e-001  
  1.006687606013e-003  ,4.347793637255e-001  
  1.006694606014e-003  ,4.342458977369e-001  
  1.006701606015e-003  ,4.335771611586e-001  
  1.006708606016e-003  ,4.327734156863e-001  
  1.006715606017e-003  ,4.318351641288e-001  
  1.006722606018e-003  ,4.307627277491e-001  
  1.006729606019e-003  ,4.295563674308e-001  
  1.006736606020e-003  ,4.282165244364e-001  
  1.006743606021e-003  ,4.267436193358e-001  
  1.006750606022e-003  ,4.251378922108e-001  
  1.006757606023e-003  ,4.233997629941e-001  
  1.006764606024e-003  ,4.215296510106e-001  
  1.006771606025e-003  ,4.195277956055e-001  
  1.006778606026e-003  ,4.173946751136e-001  
  1.006785606027e-003  ,4.151306079961e-001  
  1.006792606028e-003  ,4.127358528316e-001  
  1.006799606029e-003  ,4.102109065898e-001  
  1.006806606030e-003  ,4.075560868080e-001  
  1.006813606031e-003  ,4.047717371609e-001  
  1.006820606032e-003  ,4.018582097990e-001  
  1.006827606033e-003  ,3.988158594536e-001  
  1.006834606034e-003  ,3.956450414364e-001  
  1.006841606035e-003  ,3.923460222802e-001  
  1.006848606036e-003  ,3.889193051103e-001  
  1.006855606037e-003  ,3.853652051454e-001  
  1.006862606038e-003  ,3.816840635912e-001  
  1.006869606039e-003  ,3.778761427322e-001  
  1.006876606040e-003  ,3.739418816094e-001  
  1.006883606041e-003  ,3.698816922603e-001  
  1.006890606042e-003  ,3.656958882173e-001  
  1.006897606043e-003  ,3.613848089214e-001  
  1.006904606044e-003  ,3.569487152916e-001  
  1.006911606045e-003  ,3.523880441818e-001  
  1.006918606046e-003  ,3.477032053728e-001  
  1.006925606047e-003  ,3.428945106326e-001  
  1.006932606048e-003  ,3.379622976565e-001  
  1.006939606049e-003  ,3.329069124896e-001  
  1.006946606050e-003  ,3.277287036532e-001  
  1.006953606051e-003  ,3.224279329999e-001  
  1.006960606052e-003  ,3.170050950017e-001  
  1.006967606053e-003  ,3.114604996030e-001  
  1.006974606054e-003  ,3.057943984478e-001  
  1.006981606055e-003  ,3.000072171003e-001  
  1.006988606056e-003  ,2.940993611103e-001  
  1.006995606057e-003  ,2.880710619845e-001  
  1.007002606058e-003  ,2.819227823453e-001  
  1.007009606059e-003  ,2.756548301030e-001  
  1.007016606060e-003  ,2.692674553022e-001  
  1.007023606061e-003  ,2.627611383310e-001  
  1.007030606062e-003  ,2.561361860922e-001  
  1.007040106063e-003  ,2.469540757265e-001  
  1.007049606064e-003  ,2.376125945663e-001  
  1.007055608252e-003  ,2.317437332075e-001  
  1.007061956147e-003  ,2.256239229732e-001  
  1.007067778775e-003  ,2.201072738360e-001  
  1.007071857968e-003  ,2.163009760100e-001  
  1.007076072017e-003  ,2.124212163043e-001  
  1.007081852177e-003  ,2.071875886758e-001  
  1.007087524304e-003  ,2.021513585550e-001  
  1.007093048164e-003  ,1.973417526621e-001  
  1.007096595758e-003  ,1.943022509547e-001  
  1.007100288266e-003  ,1.911795030192e-001  
  1.007103968480e-003  ,1.881085800692e-001  
  1.007110968481e-003  ,1.823814101764e-001  
  1.007116732251e-003  ,1.777776466205e-001  
  1.007122469943e-003  ,1.732950165570e-001  
  1.007129469944e-003  ,1.679613413127e-001  
  1.007136469945e-003  ,1.627757660729e-001  
  1.007143381848e-003  ,1.578004544361e-001  
  1.007150381849e-003  ,1.529083168656e-001  
  1.007157381850e-003  ,1.481631873063e-001  
  1.007164381851e-003  ,1.435647344418e-001  
  1.007171381852e-003  ,1.391126018752e-001  
  1.007178381853e-003  ,1.348064260457e-001  
  1.007185381854e-003  ,1.306458407064e-001  
  1.007192381855e-003  ,1.266305702618e-001  
  1.007199381856e-003  ,1.227600939327e-001  
  1.007206381857e-003  ,1.190340852803e-001  
  1.007213381858e-003  ,1.154521909867e-001  
  1.007220381859e-003  ,1.120140489285e-001  
  1.007227381860e-003  ,1.087192942814e-001  
  1.007234381861e-003  ,1.055675615445e-001  
  1.007241381862e-003  ,1.025585765481e-001  
  1.007248381863e-003  ,9.969188252811e-002  
  1.007252523641e-003  ,9.806255261605e-002  
  1.007257444750e-003  ,9.619159846112e-002  
  1.007263657417e-003  ,9.392761908163e-002  
  1.007266904380e-003  ,9.277996670975e-002  
  1.007270050388e-003  ,9.167513727381e-002  
  1.007272942703e-003  ,9.065047553227e-002  
  1.007276101005e-003  ,8.951071347765e-002  
  1.007278715786e-003  ,8.854753853724e-002  
  1.007281221044e-003  ,8.760752533284e-002  
  1.007284055617e-003  ,8.652385371752e-002  
  1.007287058573e-003  ,8.535279085700e-002  
  1.007289800015e-003  ,8.426319029822e-002  
  1.007292212140e-003  ,8.328850027721e-002  
  1.007294520330e-003  ,8.234182458595e-002  
  1.007298635286e-003  ,8.061982446987e-002  
  1.007302347537e-003  ,7.902839538129e-002  
  1.007307517495e-003  ,7.675202919821e-002  
  1.007311353799e-003  ,7.501811754371e-002  
  1.007315019112e-003  ,7.332596535451e-002  
  1.007321236622e-003  ,7.037626863418e-002  
  1.007327601653e-003  ,6.725342698107e-002  
  1.007334601654e-003  ,6.369880325554e-002  
  1.007341087384e-003  ,6.029320881972e-002  
  1.007348087385e-003  ,5.649692550891e-002  
  1.007355087386e-003  ,5.257573058119e-002  
  1.007362087387e-003  ,4.852996343961e-002  
  1.007369087388e-003  ,4.435988384689e-002  
  1.007378587389e-003  ,3.850055349938e-002  
  1.007382990682e-003  ,3.570843141976e-002  
  1.007386919374e-003  ,3.318922446153e-002  
  1.007390497515e-003  ,3.089535962091e-002  
  1.007392874995e-003  ,2.938189895102e-002  
  1.007395337039e-003  ,2.783019540645e-002  
  1.007397695893e-003  ,2.636039228741e-002  
  1.007399940381e-003  ,2.497733507681e-002  
  1.007402437070e-003  ,2.345646098406e-002  
  1.007405683661e-003  ,2.150645290603e-002  
  1.007407186815e-003  ,2.061419444698e-002  
  1.007410193125e-003  ,1.884965221119e-002  
  1.007412928233e-003  ,1.726736563853e-002  
  1.007417280862e-003  ,1.479507319610e-002  
  1.007421853283e-003  ,1.225899195076e-002  
  1.007426082978e-003  ,9.968310298363e-003  
  1.007431395242e-003  ,7.166179195976e-003  
  1.007436614374e-003  ,4.494096469926e-003  
  1.007441883424e-003  ,1.877835723483e-003  
  1.007448883425e-003  ,-1.471654063847e-003  
  1.007455883426e-003  ,-4.677450846168e-003  
  1.007462517423e-003  ,-7.583283642457e-003  
  1.007469517424e-003  ,-1.051031255833e-002  
  1.007476517425e-003  ,-1.329477545307e-002  
  1.007483517426e-003  ,-1.593701674893e-002  
  1.007490517427e-003  ,-1.843740626279e-002  
  1.007497517428e-003  ,-2.079622208787e-002  
  1.007499000002e-003  ,-2.127768657053e-002  
  1.007499100002e-003  ,-2.130991897140e-002  
  1.007499300003e-003  ,-2.137426926800e-002  
  1.007499700006e-003  ,-2.150269358171e-002  
  1.007500000002e-003  ,-2.159873170534e-002  
  1.007500080003e-003  ,-2.162429225539e-002  
  1.007500240004e-003  ,-2.167536916088e-002  
  1.007500560006e-003  ,-2.177731085318e-002  
  1.007501200011e-003  ,-2.198031761529e-002  
  1.007502480021e-003  ,-2.238280672630e-002  
  1.007505040040e-003  ,-2.317365809622e-002  
  1.007510160079e-003  ,-2.469893018083e-002  
  1.007517160080e-003  ,-2.666272097971e-002  
  1.007524160081e-003  ,-2.848644292475e-002  
  1.007531160082e-003  ,-3.017035487678e-002  
  1.007538160083e-003  ,-3.171495709646e-002  
  1.007545160084e-003  ,-3.312049144363e-002  
  1.007552160085e-003  ,-3.438738151519e-002  
  1.007559160086e-003  ,-3.551605053325e-002  
  1.007566160087e-003  ,-3.650673981352e-002  
  1.007573160088e-003  ,-3.735993177382e-002  
  1.007580160089e-003  ,-3.807586747262e-002  
  1.007587160090e-003  ,-3.865496852967e-002  
  1.007594160092e-003  ,-3.909765585809e-002  
  1.007600385052e-003  ,-3.937698218179e-002  
  1.007601160092e-003  ,-3.940422803881e-002  
  1.007602710185e-003  ,-3.945372658808e-002  
  1.007605810371e-003  ,-3.953272822790e-002  
  1.007610460279e-003  ,-3.960065637132e-002  
  1.007614385053e-003  ,-3.961006614784e-002  
  1.007617943077e-003  ,-3.958101482445e-002  
  1.007621206804e-003  ,-3.952372511688e-002  
  1.007624176606e-003  ,-3.944650329271e-002  
  1.007626578300e-003  ,-3.936657768715e-002  
  1.007628944605e-003  ,-3.927240552883e-002  
  1.007631106018e-003  ,-3.917285817538e-002  
  1.007633262589e-003  ,-3.906053868149e-002  
  1.007635960444e-003  ,-3.890165817537e-002  
  1.007636767901e-003  ,-3.885012017104e-002  
  1.007638382814e-003  ,-3.874154313552e-002  
  1.007640173375e-003  ,-3.861260291867e-002  
  1.007641975856e-003  ,-3.847379099162e-002  
  1.007643454238e-003  ,-3.835323408398e-002  
  1.007644719160e-003  ,-3.824532068575e-002  
  1.007646653331e-003  ,-3.807188010214e-002  
  1.007650467283e-003  ,-3.770050344847e-002  
  1.007655342943e-003  ,-3.717016635193e-002  
  1.007660114295e-003  ,-3.659200349346e-002  
  1.007667114296e-003  ,-3.564373484041e-002  
  1.007674114297e-003  ,-3.458244768773e-002  
  1.007681114298e-003  ,-3.341555692126e-002  
  1.007688114299e-003  ,-3.214797099048e-002  
  1.007694535954e-003  ,-3.092345937074e-002  
  1.007700097813e-003  ,-2.987615645483e-002  
  1.007704268648e-003  ,-2.912526955896e-002  
  1.007707434027e-003  ,-2.858318281169e-002  
  1.007711263625e-003  ,-2.796365972169e-002  
  1.007715222864e-003  ,-2.736604718568e-002  
  1.007719044267e-003  ,-2.683072871592e-002  
  1.007722784458e-003  ,-2.634628205003e-002  
  1.007725759475e-003  ,-2.598880247129e-002  
  1.007728532581e-003  ,-2.567782697480e-002  
  1.007731766878e-003  ,-2.534232474134e-002  
  1.007735062642e-003  ,-2.503056022291e-002  
  1.007739742352e-003  ,-2.463994701861e-002  
  1.007746429248e-003  ,-2.418744034308e-002  
  1.007753102733e-003  ,-2.385944841405e-002  
  1.007760102734e-003  ,-2.364786721384e-002  
  1.007764216945e-003  ,-2.358662120691e-002  
  1.007769243852e-003  ,-2.357508592563e-002  
  1.007776243853e-003  ,-2.367471312337e-002  
  1.007783243854e-003  ,-2.390869083540e-002  
  1.007790243855e-003  ,-2.427676294258e-002  
  1.007797243856e-003  ,-2.477849740033e-002  
  1.007804243857e-003  ,-2.541347740297e-002  
  1.007811243858e-003  ,-2.618146357832e-002  
  1.007818243859e-003  ,-2.708203920937e-002  
  1.007825243860e-003  ,-2.811478969902e-002  
  1.007832243861e-003  ,-2.927947776048e-002  
  1.007839243862e-003  ,-3.057562933514e-002  
  1.007846243863e-003  ,-3.200292897281e-002  
  1.007853243864e-003  ,-3.356103488674e-002  
  1.007860243865e-003  ,-3.524968417578e-002  
  1.007867243866e-003  ,-3.706843716552e-002  
  1.007874243867e-003  ,-3.901688205337e-002  
  1.007881243868e-003  ,-4.109470475209e-002  
  1.007888243869e-003  ,-4.330156485548e-002  
  1.007895243870e-003  ,-4.563720104778e-002  
  1.007902243871e-003  ,-4.810111783931e-002  
  1.007909243872e-003  ,-5.069308066304e-002  
  1.007916243873e-003  ,-5.341262011282e-002  
  1.007923243874e-003  ,-5.625950201575e-002  
  1.007930243875e-003  ,-5.923325905115e-002  
  1.007937243876e-003  ,-6.233357971558e-002  
  1.007944243877e-003  ,-6.556012641662e-002  
  1.007951243878e-003  ,-6.891255368177e-002  
  1.007958243879e-003  ,-7.239060078757e-002  
  1.007965243880e-003  ,-7.599383248962e-002  
  1.007972243881e-003  ,-7.972184135903e-002  
  1.007979243882e-003  ,-8.357431790405e-002  
  1.007986243883e-003  ,-8.755092755138e-002  
  1.007993243884e-003  ,-9.165141283034e-002  
  1.008000243885e-003  ,-9.587534224520e-002  
  1.008007243886e-003  ,-1.002223686319e-001  
  1.008014243887e-003  ,-1.046921463107e-001  
  1.008021243888e-003  ,-1.092842715692e-001  
  1.008028243889e-003  ,-1.139984364475e-001  
  1.008035243890e-003  ,-1.188343913923e-001  
  1.008042243891e-003  ,-1.237917149392e-001  
  1.008049243892e-003  ,-1.288700626847e-001  
  1.008056243893e-003  ,-1.340690894825e-001  
  1.008063243894e-003  ,-1.393883940771e-001  
  1.008070243895e-003  ,-1.448277480510e-001  
  1.008077243896e-003  ,-1.503866940316e-001  
  1.008084243897e-003  ,-1.560649267820e-001  
  1.008089629177e-003  ,-1.605143342959e-001  
  1.008096629178e-003  ,-1.664028950466e-001  
  1.008103629179e-003  ,-1.724097573282e-001  
  1.008113129180e-003  ,-1.807525476824e-001  
  1.008122026663e-003  ,-1.887208938233e-001  
  1.008127370219e-003  ,-1.934862186177e-001  
  1.008132669817e-003  ,-1.981509113920e-001  
  1.008137840520e-003  ,-2.026272850252e-001  
  1.008140425127e-003  ,-2.048357806593e-001  
  1.008145594340e-003  ,-2.091922977591e-001  
  1.008150644343e-003  ,-2.133696225155e-001  
  1.008155213039e-003  ,-2.170813813101e-001  
  1.008161343377e-003  ,-2.219608281198e-001  
  1.008163380366e-003  ,-2.235565258238e-001  
  1.008166261133e-003  ,-2.257913955079e-001  
  1.008169663068e-003  ,-2.283977584235e-001  
  1.008173240091e-003  ,-2.311000778061e-001  
  1.008177145686e-003  ,-2.340059620992e-001  
  1.008180780824e-003  ,-2.366687433913e-001  
  1.008183610927e-003  ,-2.387138945618e-001  
  1.008187006157e-003  ,-2.411351938194e-001  
  1.008190330233e-003  ,-2.434717306615e-001  
  1.008196978386e-003  ,-2.480440566298e-001  
  1.008203978387e-003  ,-2.527134832123e-001  
  1.008210978388e-003  ,-2.572346200633e-001  
  1.008217978389e-003  ,-2.616077336317e-001  
  1.008224978390e-003  ,-2.658333470663e-001  
  1.008231978391e-003  ,-2.699117968237e-001  
  1.008238978392e-003  ,-2.738433522729e-001  
  1.008245978393e-003  ,-2.776284667289e-001  
  1.008252978394e-003  ,-2.812675730927e-001  
  1.008259978395e-003  ,-2.847609201217e-001  
  1.008266978396e-003  ,-2.881090035244e-001  
  1.008273978397e-003  ,-2.913120700290e-001  
  1.008280978398e-003  ,-2.943706133943e-001  
  1.008287978399e-003  ,-2.972849629337e-001  
  1.008294978400e-003  ,-3.000554749350e-001  
  1.008301978401e-003  ,-3.026825143435e-001  
  1.008308978402e-003  ,-3.051663569419e-001  
  1.008315978403e-003  ,-3.075074629307e-001  
  1.008322978404e-003  ,-3.097062623329e-001  
  1.008329978405e-003  ,-3.117630006139e-001  
  1.008336978406e-003  ,-3.136781683447e-001  
  1.008343978407e-003  ,-3.154520921489e-001  
  1.008350978408e-003  ,-3.170850372556e-001  
  1.008357978410e-003  ,-3.185774522636e-001  
  1.008364978411e-003  ,-3.199297647597e-001  
  1.008371978412e-003  ,-3.211423001684e-001  
  1.008378978413e-003  ,-3.222154107367e-001  
  1.008385978414e-003  ,-3.231494574609e-001  
  1.008392978415e-003  ,-3.239447131497e-001  
  1.008399978416e-003  ,-3.246016936843e-001  
  1.008406978417e-003  ,-3.251207229553e-001  
  1.008413978418e-003  ,-3.255021515890e-001  
  1.008420978419e-003  ,-3.257462491123e-001  
  1.008427978420e-003  ,-3.258534667012e-001  
  1.008434978421e-003  ,-3.258242279229e-001  
  1.008441978422e-003  ,-3.256587745729e-001  
  1.008448978423e-003  ,-3.253575295605e-001  
  1.008455978424e-003  ,-3.249208549495e-001  
  1.008462978425e-003  ,-3.243491124655e-001  
  1.008469978426e-003  ,-3.236427236500e-001  
  1.008476978427e-003  ,-3.228020093100e-001  
  1.008483978428e-003  ,-3.218272299319e-001  
  1.008490978429e-003  ,-3.207188260619e-001  
  1.008497978430e-003  ,-3.194771576393e-001  
  1.008504978431e-003  ,-3.181026441176e-001  
  1.008511978432e-003  ,-3.165955249581e-001  
  1.008518978433e-003  ,-3.149562189898e-001  
  1.008525978434e-003  ,-3.131851444483e-001  
  1.008532978435e-003  ,-3.112826196062e-001  
  1.008539978436e-003  ,-3.092489028837e-001  
  1.008546978437e-003  ,-3.070844313285e-001  
  1.008553978438e-003  ,-3.047896214768e-001  
  1.008560978439e-003  ,-3.023647111228e-001  
  1.008567978440e-003  ,-2.998101161713e-001  
  1.008574978441e-003  ,-2.971262519191e-001  
  1.008581978442e-003  ,-2.943133554274e-001  
  1.008588978443e-003  ,-2.913718413100e-001  
  1.008595978444e-003  ,-2.883020644889e-001  
  1.008602978445e-003  ,-2.851044385432e-001  
  1.008609978446e-003  ,-2.817791995700e-001  
  1.008616978447e-003  ,-2.783268194075e-001  
  1.008623978448e-003  ,-2.747475336718e-001  
  1.008630978449e-003  ,-2.710418132189e-001  
  1.008637189998e-003  ,-2.676478563063e-001  
  1.008643276377e-003  ,-2.642261824658e-001  
  1.008644978450e-003  ,-2.632522908071e-001  
  1.008648382620e-003  ,-2.612822518386e-001  
  1.008655190961e-003  ,-2.572527975645e-001  
  1.008657744071e-003  ,-2.557108393788e-001  
  1.008662849954e-003  ,-2.525823226050e-001  
  1.008666572636e-003  ,-2.502875012558e-001  
  1.008670066213e-003  ,-2.481487523110e-001  
  1.008674289203e-003  ,-2.456042464415e-001  
  1.008678458547e-003  ,-2.431426909865e-001  
  1.008682417786e-003  ,-2.408525200457e-001  
  1.008687129533e-003  ,-2.381867631911e-001  
  1.008690075493e-003  ,-2.365528578482e-001  
  1.008694739556e-003  ,-2.340176689343e-001  
  1.008699390954e-003  ,-2.315526862630e-001  
  1.008705104804e-003  ,-2.286115891868e-001  
  1.008707337743e-003  ,-2.274882820631e-001  
  1.008710571667e-003  ,-2.258873192503e-001  
  1.008713970622e-003  ,-2.242376023329e-001  
  1.008719466916e-003  ,-2.216410626704e-001  
  1.008725180766e-003  ,-2.190348423693e-001  
  1.008731168052e-003  ,-2.164055981245e-001  
  1.008737083068e-003  ,-2.139101020567e-001  
  1.008744010618e-003  ,-2.111160145556e-001  
  1.008751010619e-003  ,-2.084333436471e-001  
  1.008758010620e-003  ,-2.058915369144e-001  
  1.008765010621e-003  ,-2.034902793460e-001  
  1.008772010622e-003  ,-2.012293113065e-001  
  1.008779010623e-003  ,-1.991081286952e-001  
  1.008786010624e-003  ,-1.971264887827e-001  
  1.008793010625e-003  ,-1.952839692926e-001  
  1.008800010626e-003  ,-1.935801502442e-001  
  1.008807010627e-003  ,-1.920147107024e-001  
  1.008814010628e-003  ,-1.905873033401e-001  
  1.008821010629e-003  ,-1.892976613372e-001  
  1.008828010630e-003  ,-1.881452782541e-001  
  1.008835010631e-003  ,-1.871299144493e-001  
  1.008842010632e-003  ,-1.862511507412e-001  
  1.008849010633e-003  ,-1.855085685753e-001  
  1.008856010634e-003  ,-1.849018494097e-001  
  1.008863010635e-003  ,-1.844306483876e-001  
  1.008870010636e-003  ,-1.840947004324e-001  
  1.008877010637e-003  ,-1.838935618884e-001  
  1.008884010638e-003  ,-1.838268162813e-001  
  1.008891010639e-003  ,-1.838942257895e-001  
  1.008898010640e-003  ,-1.840953150977e-001  
  1.008905010641e-003  ,-1.844297678085e-001  
  1.008912010642e-003  ,-1.848972414483e-001  
  1.008919010643e-003  ,-1.854973850114e-001  
  1.008926010644e-003  ,-1.862299332216e-001  
  1.008933010645e-003  ,-1.870944435611e-001  
  1.008940010646e-003  ,-1.880905027941e-001  
  1.008947010647e-003  ,-1.892178749733e-001  
  1.008954010648e-003  ,-1.904761472324e-001  
  1.008961010650e-003  ,-1.918649073359e-001  
  1.008968010651e-003  ,-1.933838417733e-001  
  1.008975010652e-003  ,-1.950326959140e-001  
  1.008982010653e-003  ,-1.968110390123e-001  
  1.008989010654e-003  ,-1.987184605485e-001  
  1.008996010655e-003  ,-2.007546481985e-001  
  1.009003010656e-003  ,-2.029192638385e-001  
  1.009010010657e-003  ,-2.052120474966e-001  
  1.009017010658e-003  ,-2.076325056082e-001  
  1.009026510659e-003  ,-2.111230127323e-001  
  1.009035408142e-003  ,-2.145627874347e-001  
  1.009040751698e-003  ,-2.166161161570e-001  
  1.009046051296e-003  ,-2.185968985768e-001  
  1.009051221999e-003  ,-2.204599853952e-001  
  1.009053839761e-003  ,-2.213756154402e-001  
  1.009059075284e-003  ,-2.231487202263e-001  
  1.009064164775e-003  ,-2.247971787467e-001  
  1.009068775195e-003  ,-2.262260857377e-001  
  1.009074965137e-003  ,-2.280478980380e-001  
  1.009076403285e-003  ,-2.284553034731e-001  
  1.009079279582e-003  ,-2.292521785403e-001  
  1.009082185681e-003  ,-2.300330940310e-001  
  1.009086401964e-003  ,-2.311229497609e-001  
  1.009093328024e-003  ,-2.328026051223e-001  
  1.009100328025e-003  ,-2.343606762910e-001  
  1.009107328026e-003  ,-2.357787670494e-001  
  1.009114328027e-003  ,-2.370572536644e-001  
  1.009121328028e-003  ,-2.381965195069e-001  
  1.009128328029e-003  ,-2.391969283755e-001  
  1.009135328030e-003  ,-2.400588381787e-001  
  1.009142328031e-003  ,-2.407826113259e-001  
  1.009149328032e-003  ,-2.413686132849e-001  
  1.009156328033e-003  ,-2.418171177721e-001  
  1.009163328034e-003  ,-2.421286392705e-001  
  1.009170328035e-003  ,-2.423034992468e-001  
  1.009177328036e-003  ,-2.423419592764e-001  
  1.009184328037e-003  ,-2.422445223971e-001  
  1.009191328038e-003  ,-2.420114297028e-001  
  1.009198328039e-003  ,-2.416431627720e-001  
  1.009205328040e-003  ,-2.411400422448e-001  
  1.009212328041e-003  ,-2.405024153054e-001  
  1.009219328042e-003  ,-2.397305488199e-001  
  1.009226328043e-003  ,-2.388249493680e-001  
  1.009233328044e-003  ,-2.377858565443e-001  
  1.009240328045e-003  ,-2.366136894203e-001  
  1.009247328046e-003  ,-2.353088665122e-001  
  1.009254328047e-003  ,-2.338716267368e-001  
  1.009261328048e-003  ,-2.323024475786e-001  
  1.009268328049e-003  ,-2.306015674862e-001  
  1.009275328050e-003  ,-2.287694034997e-001  
  1.009282328051e-003  ,-2.268063720447e-001  
  1.009289328052e-003  ,-2.247127900178e-001  
  1.009296328053e-003  ,-2.224890004519e-001  
  1.009303328054e-003  ,-2.201352670314e-001  
  1.009310328055e-003  ,-2.176520311503e-001  
  1.009317328057e-003  ,-2.150397071662e-001  
  1.009324328058e-003  ,-2.122985316034e-001  
  1.009331328059e-003  ,-2.094289181371e-001  
  1.009338328060e-003  ,-2.064312208877e-001  
  1.009345328061e-003  ,-2.033058525009e-001  
  1.009352328062e-003  ,-2.000531270098e-001  
  1.009359328063e-003  ,-1.966733843356e-001  
  1.009366328064e-003  ,-1.931668857537e-001  
  1.009373328065e-003  ,-1.895340686041e-001  
  1.009380328066e-003  ,-1.857753434113e-001  
  1.009387328067e-003  ,-1.818910225655e-001  
  1.009394328068e-003  ,-1.778814442034e-001  
  1.009401328069e-003  ,-1.737469548200e-001  
  1.009408328070e-003  ,-1.694879034535e-001  
  1.009415328071e-003  ,-1.651045523749e-001  
  1.009422328072e-003  ,-1.605973386287e-001  
  1.009429328073e-003  ,-1.559666115732e-001  
  1.009436328074e-003  ,-1.512127782861e-001  
  1.009443328075e-003  ,-1.463360711388e-001  
  1.009450328076e-003  ,-1.413368965421e-001  
  1.009457328077e-003  ,-1.362156603062e-001  
  1.009464328078e-003  ,-1.309726712256e-001  
  1.009471328079e-003  ,-1.256082635271e-001  
  1.009478328080e-003  ,-1.201226940951e-001  
  1.009485328081e-003  ,-1.145163929044e-001  
  1.009492328082e-003  ,-1.087897635517e-001  
  1.009499328083e-003  ,-1.029430364235e-001  
  1.009506328084e-003  ,-9.697661445316e-002  
  1.009513328085e-003  ,-9.089084253975e-002  
  1.009520328086e-003  ,-8.468612253437e-002  
  1.009527328087e-003  ,-7.836268380748e-002  
  1.009534328088e-003  ,-7.192098471509e-002  
  1.009541328089e-003  ,-6.536133035746e-002  
  1.009547528462e-003  ,-5.945274254526e-002  
  1.009553594725e-003  ,-5.358285712075e-002  
  1.009555328090e-003  ,-5.188942780428e-002  
  1.009558794845e-003  ,-4.848103981568e-002  
  1.009565728355e-003  ,-4.157747282423e-002  
  1.009568328404e-003  ,-3.895870955000e-002  
  1.009570995339e-003  ,-3.625685857902e-002  
  1.009571956092e-003  ,-3.527989336834e-002  
  1.009573456825e-003  ,-3.375119377843e-002  
  1.009574687102e-003  ,-3.249688447164e-002  
  1.009576005668e-003  ,-3.115327450685e-002  
  1.009577257552e-003  ,-2.988008792247e-002  
  1.009578577050e-003  ,-2.854230310842e-002  
  1.009580037178e-003  ,-2.706797690907e-002  
  1.009581486129e-003  ,-2.561240579435e-002  
  1.009583051683e-003  ,-2.404809729047e-002  
  1.009583643538e-003  ,-2.345894718916e-002  
  1.009584482846e-003  ,-2.262550509602e-002  
  1.009586161462e-003  ,-2.096543699233e-002  
  1.009587837284e-003  ,-1.931710858008e-002  
  1.009590048988e-003  ,-1.715542227666e-002  
  1.009592879091e-003  ,-1.441165532183e-002  
  1.009596503426e-003  ,-1.093387508414e-002  
  1.009600311418e-003  ,-7.323347551106e-003  
  1.009604012494e-003  ,-3.857454663905e-003  
  1.009608821844e-003  ,5.823436991783e-004  
  1.009613201295e-003  ,4.562630962165e-003  
  1.009617323701e-003  ,8.254931197194e-003  
  1.009621041541e-003  ,1.153987999963e-002  
  1.009625392680e-003  ,1.533024507482e-002  
  1.009630807017e-003  ,1.996528512475e-002  
  1.009637807018e-003  ,2.582405424436e-002  
  1.009642728872e-003  ,2.985336235954e-002  
  1.009649728873e-003  ,3.545614038840e-002  
  1.009656728874e-003  ,4.090915926569e-002  
  1.009663728875e-003  ,4.621276911170e-002  
  1.009670728876e-003  ,5.136733405842e-002  
  1.009677728877e-003  ,5.637322789483e-002  
  1.009684728878e-003  ,6.123082533439e-002  
  1.009691728879e-003  ,6.594049863507e-002  
  1.009698728880e-003  ,7.050252593422e-002  
  1.009705728881e-003  ,7.491737073211e-002  
  1.009712728882e-003  ,7.918546614605e-002  
  1.009719728883e-003  ,8.330705947257e-002  
  1.009726728884e-003  ,8.728264446113e-002  
  1.009733728885e-003  ,9.111246759623e-002  
  1.009740728886e-003  ,9.479696021505e-002  
  1.009747728887e-003  ,9.833655327543e-002  
  1.009754728888e-003  ,1.017314927092e-001  
  1.009761728889e-003  ,1.049822700506e-001  
  1.009768728890e-003  ,1.080892126163e-001  
  1.009775728891e-003  ,1.110526747472e-001  
  1.009782728892e-003  ,1.138730195696e-001  
  1.009789728893e-003  ,1.165505215063e-001  
  1.009796728894e-003  ,1.190856384262e-001  
  1.009803728895e-003  ,1.214787370506e-001  
  1.009810728896e-003  ,1.237301837476e-001  
  1.009817728897e-003  ,1.258404054724e-001  
  1.009824728898e-003  ,1.278097271562e-001  
  1.009831728899e-003  ,1.296384127166e-001  
  1.009838728900e-003  ,1.313269692990e-001  
  1.009848228901e-003  ,1.333930836327e-001  
  1.009857126384e-003  ,1.351361348589e-001  
  1.009862469941e-003  ,1.361849346921e-001  
  1.009867769539e-003  ,1.372730489165e-001  
  1.009872940242e-003  ,1.383971567220e-001  
  1.009875221982e-003  ,1.389139742455e-001  
  1.009879785463e-003  ,1.399878404824e-001  
  1.009883967473e-003  ,1.410196362672e-001  
  1.009888020589e-003  ,1.420634344778e-001  
  1.009893091454e-003  ,1.434303644360e-001  
  1.009898723348e-003  ,1.450281532208e-001  
  1.009902597650e-003  ,1.461758599918e-001  
  1.009907020315e-003  ,1.475341937720e-001  
  1.009911571129e-003  ,1.489853853327e-001  
  1.009915306106e-003  ,1.502168647911e-001  
  1.009919731005e-003  ,1.517229871737e-001  
  1.009922727629e-003  ,1.527719875179e-001  
  1.009927449062e-003  ,1.544722659824e-001  
  1.009933419957e-003  ,1.567054662479e-001  
  1.009940419958e-003  ,1.594413463826e-001  
  1.009946510063e-003  ,1.619247014154e-001  
  1.009952901916e-003  ,1.646340491581e-001  
  1.009959901917e-003  ,1.677218242831e-001  
  1.009966901918e-003  ,1.709353915241e-001  
  1.009973100056e-003  ,1.738855775525e-001  
  1.009973901918e-003  ,1.742744299426e-001  
  1.009975505655e-003  ,1.750570673411e-001  
  1.009978713130e-003  ,1.766420722830e-001  
  1.009983516519e-003  ,1.790655394043e-001  
  1.009987100057e-003  ,1.809130909437e-001  
  1.009990014724e-003  ,1.824403395118e-001  
  1.009992537490e-003  ,1.837791841521e-001  
  1.009995003633e-003  ,1.851021996599e-001  
  1.009998088918e-003  ,1.867753215742e-001  
  1.009999000002e-003  ,1.872730396168e-001  
  1.009999100002e-003  ,1.873277779113e-001  
  1.009999300003e-003  ,1.874373266575e-001  
  1.009999700006e-003  ,1.876565926235e-001  
  1.010000000000e-003  ,1.878212049353e-001  
